Week8_38221	../screens/Week8_38221.screen
Week10_40115	../screens/Week10_40115.screen
Week10_40119	../screens/Week10_40119.screen
Week1_22123	../screens/Week1_22123.screen
Week7_34341	../screens/Week7_34341.screen
Week3_25701	../screens/Week3_25701.screen
Week8_38341	../screens/Week8_38341.screen
Week3_25441	../screens/Week3_25441.screen
Week4_27861	../screens/Week4_27861.screen
Week6_31641	../screens/Week6_31641.screen
Week3_25461	../screens/Week3_25461.screen
Week2_24121	../screens/Week2_24121.screen
Week5_29321	../screens/Week5_29321.screen
Week2_24381	../screens/Week2_24381.screen
Week1_22161	../screens/Week1_22161.screen
Week7_34661	../screens/Week7_34661.screen
Week6_32121	../screens/Week6_32121.screen
Week3_25681	../screens/Week3_25681.screen
Week2_24401	../screens/Week2_24401.screen
Week6_31661	../screens/Week6_31661.screen
Week9_39221	../screens/Week9_39221.screen
Week6_32061	../screens/Week6_32061.screen
Week1_22361	../screens/Week1_22361.screen
Week4_27542	../screens/Week4_27542.screen
Week1_22401	../screens/Week1_22401.screen
Week3_25421	../screens/Week3_25421.screen
Week5_29341	../screens/Week5_29341.screen
Week3_25721	../screens/Week3_25721.screen
Week2_24141	../screens/Week2_24141.screen
Week6_32161	../screens/Week6_32161.screen
Week4_27521	../screens/Week4_27521.screen
Week9_39206	../screens/Week9_39206.screen
Week4_27821	../screens/Week4_27821.screen
Week5_28921	../screens/Week5_28921.screen
Week5_28901	../screens/Week5_28901.screen
Week8_38241	../screens/Week8_38241.screen
Week9_39282	../screens/Week9_39282.screen
Week9_39301	../screens/Week9_39301.screen
Week1_22381	../screens/Week1_22381.screen
Week4_27481	../screens/Week4_27481.screen
Week9_39222	../screens/Week9_39222.screen
Week7_34381	../screens/Week7_34381.screen
Week2_24361	../screens/Week2_24361.screen
Week2_24161	../screens/Week2_24161.screen
Week7_34681	../screens/Week7_34681.screen
Week5_29301	../screens/Week5_29301.screen
Week8_38342	../screens/Week8_38342.screen
Week8_38203	../screens/Week8_38203.screen
Week4_27801	../screens/Week4_27801.screen
Week7_34641	../screens/Week7_34641.screen
Week10_40111	../screens/Week10_40111.screen
Week1_22141	../screens/Week1_22141.screen
Week5_28961	../screens/Week5_28961.screen
Week9_39283	../screens/Week9_39283.screen
Week6_31681	../screens/Week6_31681.screen
