24277	../screens/24277.screen
24278	../screens/24278.screen
24279	../screens/24279.screen
24280	../screens/24280.screen
24293	../screens/24293.screen
24294	../screens/24294.screen
24295	../screens/24295.screen
24296	../screens/24296.screen
24297	../screens/24297.screen
24300	../screens/24300.screen
24301	../screens/24301.screen
24302	../screens/24302.screen
24303	../screens/24303.screen
24304	../screens/24304.screen
24305	../screens/24305.screen
24306	../screens/24306.screen
24307	../screens/24307.screen
24308	../screens/24308.screen
24309	../screens/24309.screen
24310	../screens/24310.screen
24311	../screens/24311.screen
24312	../screens/24312.screen
24313	../screens/24313.screen
24319	../screens/24319.screen
24320	../screens/24320.screen
24321	../screens/24321.screen
24352	../screens/24352.screen
24357	../screens/24357.screen
24507	../screens/24507.screen
24508	../screens/24508.screen
24509	../screens/24509.screen
24512	../screens/24512.screen
24514	../screens/24514.screen
24515	../screens/24515.screen
24516	../screens/24516.screen
24517	../screens/24517.screen
24518	../screens/24518.screen
24523	../screens/24523.screen
24525	../screens/24525.screen
24560	../screens/24560.screen
24562	../screens/24562.screen
24563	../screens/24563.screen
24564	../screens/24564.screen
24565	../screens/24565.screen
24566	../screens/24566.screen
24583	../screens/24583.screen
24584	../screens/24584.screen
24585	../screens/24585.screen
24586	../screens/24586.screen
24588	../screens/24588.screen
24590	../screens/24590.screen
24591	../screens/24591.screen
24592	../screens/24592.screen
24593	../screens/24593.screen
24594	../screens/24594.screen
24595	../screens/24595.screen
24596	../screens/24596.screen
24602	../screens/24602.screen
24604	../screens/24604.screen
24605	../screens/24605.screen
24609	../screens/24609.screen
24611	../screens/24611.screen
24617	../screens/24617.screen
24618	../screens/24618.screen
24619	../screens/24619.screen
24623	../screens/24623.screen
24624	../screens/24624.screen
24625	../screens/24625.screen
24631	../screens/24631.screen
24633	../screens/24633.screen
24634	../screens/24634.screen
24635	../screens/24635.screen
24636	../screens/24636.screen
24637	../screens/24637.screen
24638	../screens/24638.screen
24639	../screens/24639.screen
24640	../screens/24640.screen
24641	../screens/24641.screen
24642	../screens/24642.screen
24643	../screens/24643.screen
24644	../screens/24644.screen
24645	../screens/24645.screen
24646	../screens/24646.screen
24647	../screens/24647.screen
24648	../screens/24648.screen
24651	../screens/24651.screen
24652	../screens/24652.screen
24653	../screens/24653.screen
24654	../screens/24654.screen
24655	../screens/24655.screen
24656	../screens/24656.screen
24657	../screens/24657.screen
24661	../screens/24661.screen
24663	../screens/24663.screen
24664	../screens/24664.screen
24666	../screens/24666.screen
24667	../screens/24667.screen
24683	../screens/24683.screen
24684	../screens/24684.screen
24685	../screens/24685.screen
24687	../screens/24687.screen
24688	../screens/24688.screen
24726	../screens/24726.screen
24731	../screens/24731.screen
24732	../screens/24732.screen
24733	../screens/24733.screen
24734	../screens/24734.screen
24735	../screens/24735.screen
24736	../screens/24736.screen
24739	../screens/24739.screen
24740	../screens/24740.screen
24750	../screens/24750.screen
24751	../screens/24751.screen
24752	../screens/24752.screen
24753	../screens/24753.screen
24754	../screens/24754.screen
24755	../screens/24755.screen
24756	../screens/24756.screen
24758	../screens/24758.screen
24759	../screens/24759.screen
24772	../screens/24772.screen
24773	../screens/24773.screen
24774	../screens/24774.screen
24775	../screens/24775.screen
24783	../screens/24783.screen
24785	../screens/24785.screen
24789	../screens/24789.screen
24792	../screens/24792.screen
24793	../screens/24793.screen
24795	../screens/24795.screen
24796	../screens/24796.screen
24797	../screens/24797.screen
25372	../screens/25372.screen
25374	../screens/25374.screen
25376	../screens/25376.screen
25378	../screens/25378.screen
25380	../screens/25380.screen
25382	../screens/25382.screen
25387	../screens/25387.screen
25391	../screens/25391.screen
25392	../screens/25392.screen
25403	../screens/25403.screen
25406	../screens/25406.screen
25408	../screens/25408.screen
25410	../screens/25410.screen
25414	../screens/25414.screen
25416	../screens/25416.screen
25418	../screens/25418.screen
25420	../screens/25420.screen
25422	../screens/25422.screen
25424	../screens/25424.screen
25426	../screens/25426.screen
25428	../screens/25428.screen
25430	../screens/25430.screen
25432	../screens/25432.screen
25434	../screens/25434.screen
25435	../screens/25435.screen
25436	../screens/25436.screen
25438	../screens/25438.screen
25485	../screens/25485.screen
25488	../screens/25488.screen
25490	../screens/25490.screen
25492	../screens/25492.screen
25503	../screens/25503.screen
25553	../screens/25553.screen
25564	../screens/25564.screen
25565	../screens/25565.screen
25566	../screens/25566.screen
25567	../screens/25567.screen
25568	../screens/25568.screen
25569	../screens/25569.screen
25570	../screens/25570.screen
25571	../screens/25571.screen
25572	../screens/25572.screen
25573	../screens/25573.screen
25575	../screens/25575.screen
25576	../screens/25576.screen
25578	../screens/25578.screen
25579	../screens/25579.screen
25580	../screens/25580.screen
25581	../screens/25581.screen
25583	../screens/25583.screen
25584	../screens/25584.screen
25585	../screens/25585.screen
25587	../screens/25587.screen
25588	../screens/25588.screen
25590	../screens/25590.screen
25591	../screens/25591.screen
25592	../screens/25592.screen
25593	../screens/25593.screen
25594	../screens/25594.screen
25598	../screens/25598.screen
25599	../screens/25599.screen
25605	../screens/25605.screen
25638	../screens/25638.screen
25639	../screens/25639.screen
25641	../screens/25641.screen
25642	../screens/25642.screen
25643	../screens/25643.screen
25663	../screens/25663.screen
25664	../screens/25664.screen
25665	../screens/25665.screen
25667	../screens/25667.screen
25674	../screens/25674.screen
25675	../screens/25675.screen
25676	../screens/25676.screen
25677	../screens/25677.screen
25678	../screens/25678.screen
25679	../screens/25679.screen
25680	../screens/25680.screen
25681	../screens/25681.screen
25683	../screens/25683.screen
25686	../screens/25686.screen
25688	../screens/25688.screen
25689	../screens/25689.screen
25690	../screens/25690.screen
25692	../screens/25692.screen
25694	../screens/25694.screen
25695	../screens/25695.screen
25700	../screens/25700.screen
25704	../screens/25704.screen
25707	../screens/25707.screen
25708	../screens/25708.screen
25723	../screens/25723.screen
25724	../screens/25724.screen
25725	../screens/25725.screen
25726	../screens/25726.screen
25732	../screens/25732.screen
25738	../screens/25738.screen
25739	../screens/25739.screen
25740	../screens/25740.screen
25741	../screens/25741.screen
25742	../screens/25742.screen
25847	../screens/25847.screen
25848	../screens/25848.screen
25849	../screens/25849.screen
25852	../screens/25852.screen
25853	../screens/25853.screen
25854	../screens/25854.screen
25855	../screens/25855.screen
25856	../screens/25856.screen
25857	../screens/25857.screen
25858	../screens/25858.screen
25859	../screens/25859.screen
25862	../screens/25862.screen
25885	../screens/25885.screen
25890	../screens/25890.screen
25891	../screens/25891.screen
25892	../screens/25892.screen
25903	../screens/25903.screen
25904	../screens/25904.screen
25908	../screens/25908.screen
25909	../screens/25909.screen
25911	../screens/25911.screen
25912	../screens/25912.screen
25913	../screens/25913.screen
25914	../screens/25914.screen
25915	../screens/25915.screen
25918	../screens/25918.screen
25923	../screens/25923.screen
25925	../screens/25925.screen
25929	../screens/25929.screen
25931	../screens/25931.screen
25935	../screens/25935.screen
25937	../screens/25937.screen
25938	../screens/25938.screen
25939	../screens/25939.screen
25943	../screens/25943.screen
25944	../screens/25944.screen
25945	../screens/25945.screen
25949	../screens/25949.screen
25955	../screens/25955.screen
25962	../screens/25962.screen
25965	../screens/25965.screen
25966	../screens/25966.screen
25967	../screens/25967.screen
25968	../screens/25968.screen
25983	../screens/25983.screen
25984	../screens/25984.screen
25985	../screens/25985.screen
25986	../screens/25986.screen
25987	../screens/25987.screen
25988	../screens/25988.screen
25989	../screens/25989.screen
25990	../screens/25990.screen
25991	../screens/25991.screen
25992	../screens/25992.screen
25993	../screens/25993.screen
25994	../screens/25994.screen
25997	../screens/25997.screen
26002	../screens/26002.screen
26006	../screens/26006.screen
26007	../screens/26007.screen
26008	../screens/26008.screen
26009	../screens/26009.screen
26058	../screens/26058.screen
26060	../screens/26060.screen
26061	../screens/26061.screen
26071	../screens/26071.screen
26081	../screens/26081.screen
26092	../screens/26092.screen
26107	../screens/26107.screen
26110	../screens/26110.screen
26115	../screens/26115.screen
26118	../screens/26118.screen
26124	../screens/26124.screen
26126	../screens/26126.screen
26128	../screens/26128.screen
26133	../screens/26133.screen
26135	../screens/26135.screen
26138	../screens/26138.screen
26140	../screens/26140.screen
26159	../screens/26159.screen
26166	../screens/26166.screen
26174	../screens/26174.screen
26181	../screens/26181.screen
26202	../screens/26202.screen
26203	../screens/26203.screen
26204	../screens/26204.screen
26205	../screens/26205.screen
26207	../screens/26207.screen
26216	../screens/26216.screen
26224	../screens/26224.screen
26232	../screens/26232.screen
26239	../screens/26239.screen
26247	../screens/26247.screen
26271	../screens/26271.screen
26521	../screens/26521.screen
26531	../screens/26531.screen
26542	../screens/26542.screen
26544	../screens/26544.screen
26545	../screens/26545.screen
26562	../screens/26562.screen
26563	../screens/26563.screen
26564	../screens/26564.screen
26569	../screens/26569.screen
26572	../screens/26572.screen
26574	../screens/26574.screen
26575	../screens/26575.screen
26576	../screens/26576.screen
26577	../screens/26577.screen
26578	../screens/26578.screen
26579	../screens/26579.screen
26580	../screens/26580.screen
26588	../screens/26588.screen
26592	../screens/26592.screen
26595	../screens/26595.screen
26596	../screens/26596.screen
26598	../screens/26598.screen
26600	../screens/26600.screen
26601	../screens/26601.screen
26607	../screens/26607.screen
26608	../screens/26608.screen
26611	../screens/26611.screen
26612	../screens/26612.screen
26622	../screens/26622.screen
26623	../screens/26623.screen
26625	../screens/26625.screen
26626	../screens/26626.screen
26640	../screens/26640.screen
26641	../screens/26641.screen
26642	../screens/26642.screen
26643	../screens/26643.screen
26644	../screens/26644.screen
26662	../screens/26662.screen
26663	../screens/26663.screen
26664	../screens/26664.screen
26666	../screens/26666.screen
26668	../screens/26668.screen
26669	../screens/26669.screen
26670	../screens/26670.screen
26671	../screens/26671.screen
26672	../screens/26672.screen
26673	../screens/26673.screen
26674	../screens/26674.screen
26675	../screens/26675.screen
26677	../screens/26677.screen
26678	../screens/26678.screen
26679	../screens/26679.screen
26680	../screens/26680.screen
26681	../screens/26681.screen
26682	../screens/26682.screen
26683	../screens/26683.screen
26684	../screens/26684.screen
26685	../screens/26685.screen
26688	../screens/26688.screen
26695	../screens/26695.screen
26702	../screens/26702.screen
26703	../screens/26703.screen
26705	../screens/26705.screen
26724	../screens/26724.screen
26730	../screens/26730.screen
26739	../screens/26739.screen
26744	../screens/26744.screen
26745	../screens/26745.screen
26748	../screens/26748.screen
26752	../screens/26752.screen
26753	../screens/26753.screen
26765	../screens/26765.screen
26767	../screens/26767.screen
26768	../screens/26768.screen
26771	../screens/26771.screen
26772	../screens/26772.screen
26782	../screens/26782.screen
26783	../screens/26783.screen
26784	../screens/26784.screen
26785	../screens/26785.screen
26786	../screens/26786.screen
26791	../screens/26791.screen
26792	../screens/26792.screen
26794	../screens/26794.screen
26795	../screens/26795.screen
26796	../screens/26796.screen
