HT01	../primary/raw/screens/HT01.screen
HT02	../primary/raw/screens/HT02.screen
HT03	../primary/raw/screens/HT03.screen
HT04	../primary/raw/screens/HT04.screen
HT05	../primary/raw/screens/HT05.screen
HT06	../primary/raw/screens/HT06.screen
HT07	../primary/raw/screens/HT07.screen
HT08	../primary/raw/screens/HT08.screen
HT09	../primary/raw/screens/HT09.screen
HT10	../primary/raw/screens/HT10.screen
HT11	../primary/raw/screens/HT11.screen
HT12	../primary/raw/screens/HT12.screen
HT13	../primary/raw/screens/HT13.screen
HT14	../primary/raw/screens/HT14.screen
HT15	../primary/raw/screens/HT15.screen
HT16	../primary/raw/screens/HT16.screen
HT17	../primary/raw/screens/HT17.screen
HT18	../primary/raw/screens/HT18.screen
HT19	../primary/raw/screens/HT19.screen
HT20	../primary/raw/screens/HT20.screen
HT21	../primary/raw/screens/HT21.screen
HT22	../primary/raw/screens/HT22.screen
HT23	../primary/raw/screens/HT23.screen
HT24	../primary/raw/screens/HT24.screen
HT25	../primary/raw/screens/HT25.screen
HT26	../primary/raw/screens/HT26.screen
HT27	../primary/raw/screens/HT27.screen
HT28	../primary/raw/screens/HT28.screen
HT29	../primary/raw/screens/HT29.screen
HT30	../primary/raw/screens/HT30.screen
HT31	../primary/raw/screens/HT31.screen
HT32	../primary/raw/screens/HT32.screen
HT33	../primary/raw/screens/HT33.screen
HT34	../primary/raw/screens/HT34.screen
HT35	../primary/raw/screens/HT35.screen
HT36	../primary/raw/screens/HT36.screen
HT37	../primary/raw/screens/HT37.screen
HT38	../primary/raw/screens/HT38.screen
HT39	../primary/raw/screens/HT39.screen
HT40	../primary/raw/screens/HT40.screen
HT41	../primary/raw/screens/HT41.screen
HT42	../primary/raw/screens/HT42.screen
HT43	../primary/raw/screens/HT43.screen
HT44	../primary/raw/screens/HT44.screen
HT45	../primary/raw/screens/HT45.screen
HT46	../primary/raw/screens/HT46.screen
HT47	../primary/raw/screens/HT47.screen
HT48	../primary/raw/screens/HT48.screen
HT49	../primary/raw/screens/HT49.screen
HT50	../primary/raw/screens/HT50.screen
HT51	../primary/raw/screens/HT51.screen
HT52	../primary/raw/screens/HT52.screen
HT53	../primary/raw/screens/HT53.screen
HT54	../primary/raw/screens/HT54.screen
HT55	../primary/raw/screens/HT55.screen
HT56	../primary/raw/screens/HT56.screen
HT57	../primary/raw/screens/HT57.screen
HT58	../primary/raw/screens/HT58.screen
HT59	../primary/raw/screens/HT59.screen
HT60	../primary/raw/screens/HT60.screen
HT61	../primary/raw/screens/HT61.screen
HT62	../primary/raw/screens/HT62.screen
HT63	../primary/raw/screens/HT63.screen
HT64	../primary/raw/screens/HT64.screen
HT65	../primary/raw/screens/HT65.screen
HT66	../primary/raw/screens/HT66.screen
HT67	../primary/raw/screens/HT67.screen
HT68	../primary/raw/screens/HT68.screen
