Dataset:name:CDK5RAP2-C	/uod/idr/incoming/idr0021-lawo-pericentriolarmaterial/Raw-files/CDK5RAP2-C/Centrin_PCNT_Cep215_20110506/Centrin_PCNT_Cep215_20110506_Fri-1545_0_SIR_PRJ.dv
Dataset:name:CDK5RAP2-C	/uod/idr/incoming/idr0021-lawo-pericentriolarmaterial/Raw-files/CDK5RAP2-C/Centrin_PCNT_Cep215_20110506/Centrin_PCNT_Cep215_20110506_Fri-1559_0_SIR_PRJ.dv
Dataset:name:CDK5RAP2-C	/uod/idr/incoming/idr0021-lawo-pericentriolarmaterial/Raw-files/CDK5RAP2-C/Centrin_PCNT_Cep215_20110506/Centrin_PCNT_Cep215_20110506_Fri-1608_0_SIR_PRJ.dv
Dataset:name:CDK5RAP2-C	/uod/idr/incoming/idr0021-lawo-pericentriolarmaterial/Raw-files/CDK5RAP2-C/Centrin_PCNT_Cep215_20110506/Centrin_PCNT_Cep215_20110506_Fri-1620_0_SIR_PRJ.dv
Dataset:name:CDK5RAP2-C	/uod/idr/incoming/idr0021-lawo-pericentriolarmaterial/Raw-files/CDK5RAP2-C/Centrin_PCNT_Cep215_20110506/Centrin_PCNT_Cep215_20110506_Fri-1633_0_SIR_PRJ.dv
Dataset:name:CDK5RAP2-C	/uod/idr/incoming/idr0021-lawo-pericentriolarmaterial/Raw-files/CDK5RAP2-C/Centrin_PCNT_Cep215_20110506/Centrin_PCNT_Cep215_20110506_Fri-1643_0_SIR_PRJ.dv
Dataset:name:CDK5RAP2-C	/uod/idr/incoming/idr0021-lawo-pericentriolarmaterial/Raw-files/CDK5RAP2-C/Centrin_PCNT_Cep215_20110506/Centrin_PCNT_Cep215_20110506_Fri-1648_0_SIR_PRJ.dv
Dataset:name:CDK5RAP2-C	/uod/idr/incoming/idr0021-lawo-pericentriolarmaterial/Raw-files/CDK5RAP2-C/Cep215_NEDD1_20101116/Ctrl_Cep215_NEDD1_20101116_Tue-1159_1_SIR_PRJ.dv
Dataset:name:CDK5RAP2-C	/uod/idr/incoming/idr0021-lawo-pericentriolarmaterial/Raw-files/CDK5RAP2-C/Cep215_NEDD1_20101116/Ctrl_Cep215_NEDD1_20101116_Tue-1242_1_SIR_PRJ.dv
Dataset:name:CDK5RAP2-C	/uod/idr/incoming/idr0021-lawo-pericentriolarmaterial/Raw-files/CDK5RAP2-C/Cep215_NEDD1_20101116/Ctrl_Cep215_NEDD1_20101116_Tue-1246_1_SIR_PRJ.dv
Dataset:name:CDK5RAP2-C	/uod/idr/incoming/idr0021-lawo-pericentriolarmaterial/Raw-files/CDK5RAP2-C/Cep215_NEDD1_20101116/Ctrl_Cep215_NEDD1_20101116_Tue-1251_1_SIR_PRJ.dv
Dataset:name:CDK5RAP2-C	/uod/idr/incoming/idr0021-lawo-pericentriolarmaterial/Raw-files/CDK5RAP2-C/Cep215_PCNT_gTub_20110506/Cep215_PCNT_gtub_20110506_Fri-1701_0_SIR_PRJ.dv
Dataset:name:CDK5RAP2-C	/uod/idr/incoming/idr0021-lawo-pericentriolarmaterial/Raw-files/CDK5RAP2-C/Cep215_PCNT_gTub_20110506/Cep215_PCNT_gtub_20110506_Fri-1713_0_SIR_PRJ.dv
Dataset:name:CDK5RAP2-C	/uod/idr/incoming/idr0021-lawo-pericentriolarmaterial/Raw-files/CDK5RAP2-C/Cep215_PCNT_gTub_20110506/Cep215_PCNT_gtub_20110506_Fri-1721_0_SIR_PRJ.dv
Dataset:name:CDK5RAP2-C	/uod/idr/incoming/idr0021-lawo-pericentriolarmaterial/Raw-files/CDK5RAP2-C/Cep215_PCNT_gTub_20110506/Cep215_PCNT_gtub_20110506_Fri-1726_0_SIR_PRJ.dv
Dataset:name:CDK5RAP2-C	/uod/idr/incoming/idr0021-lawo-pericentriolarmaterial/Raw-files/CDK5RAP2-C/Cep215_PCNT_gTub_20110506/Cep215_PCNT_gtub_20110506_Fri-1733_0_SIR_PRJ.dv
Dataset:name:CDK5RAP2-C	/uod/idr/incoming/idr0021-lawo-pericentriolarmaterial/Raw-files/CDK5RAP2-C/Cep215_PCNT_gTub_20110506/Cep215_PCNT_gtub_20110506_Fri-1740_0_SIR_PRJ.dv
Dataset:name:CDK5RAP2-C	/uod/idr/incoming/idr0021-lawo-pericentriolarmaterial/Raw-files/CDK5RAP2-C/Cep215_PCNT_gTub_20110506/Cep215_PCNT_gtub_20110506_Fri-1751_0_SIR_PRJ.dv
Dataset:name:CDK5RAP2-C	/uod/idr/incoming/idr0021-lawo-pericentriolarmaterial/Raw-files/CDK5RAP2-C/Cep215_PCNT_NEDD1_20110505/Cep215_PCNT_NEDD1_20110505_Thu-1216_0_SIR_PRJ.dv
Dataset:name:CDK5RAP2-C	/uod/idr/incoming/idr0021-lawo-pericentriolarmaterial/Raw-files/CDK5RAP2-C/Cep215_PCNT_NEDD1_20110505/Cep215_PCNT_NEDD1_20110505_Thu-1241_0_SIR_PRJ.dv
Dataset:name:CDK5RAP2-C	/uod/idr/incoming/idr0021-lawo-pericentriolarmaterial/Raw-files/CDK5RAP2-C/Cep215_PCNT_NEDD1_20110505/Cep215_PCNT_NEDD1_20110505_Thu-1331_0_SIR_PRJ.dv
Dataset:name:CDK5RAP2-C	/uod/idr/incoming/idr0021-lawo-pericentriolarmaterial/Raw-files/CDK5RAP2-C/Cep215_PCNT_NEDD1_20110505/Cep215_PCNT_NEDD1_20110505_Thu-1403_0_SIR_PRJ.dv
Dataset:name:CDK5RAP2-C	/uod/idr/incoming/idr0021-lawo-pericentriolarmaterial/Raw-files/CDK5RAP2-C/Cep215_PCNT_NEDD1_20110505/Cep215_PCNT_NEDD1_20110505_Thu-1436_0_SIR_PRJ.dv
Dataset:name:CDK5RAP2-C	/uod/idr/incoming/idr0021-lawo-pericentriolarmaterial/Raw-files/CDK5RAP2-C/Cep215_PCNT_NEDD1_20110505/Cep215_PCNT_NEDD1_20110505_Thu-1441_0_SIR_PRJ.dv
Dataset:name:CDK5RAP2-C	/uod/idr/incoming/idr0021-lawo-pericentriolarmaterial/Raw-files/CDK5RAP2-C/Cep215_PCNT_NEDD1_20110505/Cep215_PCNT_NEDD1_20110505_Thu-1504_0_SIR_PRJ.dv
Dataset:name:CDK5RAP2-C	/uod/idr/incoming/idr0021-lawo-pericentriolarmaterial/Raw-files/CDK5RAP2-C/Cep215_PCNT_NEDD1_20110505/Cep215_PCNT_NEDD1_20110505_Thu-1511_0_SIR_PRJ.dv
Dataset:name:CDK5RAP2-C	/uod/idr/incoming/idr0021-lawo-pericentriolarmaterial/Raw-files/CDK5RAP2-C/Cep215_PCNT_NEDD1_20110505/Cep215_PCNT_NEDD1_20110505_Thu-1516_0_SIR_PRJ.dv
Dataset:name:CDK5RAP2-C	/uod/idr/incoming/idr0021-lawo-pericentriolarmaterial/Raw-files/CDK5RAP2-C/Cep215_PCNT_NEDD1_20110505/Cep215_PCNT_NEDD1_20110505_Thu-1529_0_SIR_PRJ.dv
Dataset:name:CDK5RAP2-C	/uod/idr/incoming/idr0021-lawo-pericentriolarmaterial/Raw-files/CDK5RAP2-C/PCNT_Cep215_matrix2_20110413/siControl_N20_Cep215_I_20110411_Mon-1349_0_SIR_PRJ.dv
Dataset:name:CDK5RAP2-C	/uod/idr/incoming/idr0021-lawo-pericentriolarmaterial/Raw-files/CDK5RAP2-C/PCNT_Cep215_matrix2_20110413/siControl_N20_Cep215_I_20110411_Mon-1459_0_SIR_PRJ.dv
Dataset:name:CDK5RAP2-C	/uod/idr/incoming/idr0021-lawo-pericentriolarmaterial/Raw-files/CDK5RAP2-C/PCNT_Cep215_matrix2_20110413/siControl_N20_Cep215_I_20110411_Mon-1501_0_SIR_PRJ.dv
Dataset:name:CDK5RAP2-C	/uod/idr/incoming/idr0021-lawo-pericentriolarmaterial/Raw-files/CDK5RAP2-C/PCNT_Cep215_matrix2_20110413/siControl_N20_Cep215_I_20110411_Mon-1503_0_SIR_PRJ.dv
Dataset:name:CDK5RAP2-C	/uod/idr/incoming/idr0021-lawo-pericentriolarmaterial/Raw-files/CDK5RAP2-C/PCNT_Cep215_matrix2_20110413/siControl_N20_Cep215_I_20110411_Mon-1509_0_SIR_PRJ.dv
Dataset:name:CENT2	/uod/idr/incoming/idr0021-lawo-pericentriolarmaterial/Raw-files/CENT2/Cep192_Centrin_20101014/Ctrl_Cep192_Cent_20101014_Thu-1301_1_SIR_PRJ.dv
Dataset:name:CENT2	/uod/idr/incoming/idr0021-lawo-pericentriolarmaterial/Raw-files/CENT2/Cep192_Centrin_20101014/Ctrl_Cep192_Cent_20101014_Thu-1315_1_SIR_PRJ.dv
Dataset:name:CENT2	/uod/idr/incoming/idr0021-lawo-pericentriolarmaterial/Raw-files/CENT2/Cep192_Centrin_20101014/Ctrl_Cep192_Cent_20101014_Thu-1318_1_SIR_PRJ.dv
Dataset:name:CENT2	/uod/idr/incoming/idr0021-lawo-pericentriolarmaterial/Raw-files/CENT2/Cep192_Centrin_20101014/Ctrl_Cep192_Cent_20101014_Thu-1438_1_SIR_PRJ.dv
Dataset:name:CENT2	/uod/idr/incoming/idr0021-lawo-pericentriolarmaterial/Raw-files/CENT2/Cep192_Centrin_20101014/Ctrl_Cep192_Cent_20101014_Thu-1443_1_SIR_PRJ.dv
Dataset:name:CENT2	/uod/idr/incoming/idr0021-lawo-pericentriolarmaterial/Raw-files/CENT2/Cep192_Centrin_20101014/Ctrl_Cep192_Cent_20101014_Thu-1446_1_SIR_PRJ.dv
Dataset:name:CENT2	/uod/idr/incoming/idr0021-lawo-pericentriolarmaterial/Raw-files/CENT2/Cep192_Centrin_20101014/Ctrl_Cep192_Cent_20101014_Thu-1452_1_SIR_PRJ.dv
Dataset:name:CENT2	/uod/idr/incoming/idr0021-lawo-pericentriolarmaterial/Raw-files/CENT2/NEDD1ab_Centrin_G1_20110909/NEDD1_Centrin_003_SIR_PRJ.dv
Dataset:name:CENT2	/uod/idr/incoming/idr0021-lawo-pericentriolarmaterial/Raw-files/CENT2/NEDD1ab_Centrin_G1_20110909/NEDD1_Centrin_004_SIR_PRJ.dv
Dataset:name:CENT2	/uod/idr/incoming/idr0021-lawo-pericentriolarmaterial/Raw-files/CENT2/NEDD1ab_Centrin_G1_20110909/NEDD1_Centrin_006_SIR_PRJ.dv
Dataset:name:CENT2	/uod/idr/incoming/idr0021-lawo-pericentriolarmaterial/Raw-files/CENT2/NEDD1ab_Centrin_G1_20110909/NEDD1_Centrin_009_SIR_PRJ.dv
Dataset:name:CENT2	/uod/idr/incoming/idr0021-lawo-pericentriolarmaterial/Raw-files/CENT2/NEDD1ab_Centrin_G1_20110909/NEDD1_Centrin_010_SIR_PRJ.dv
Dataset:name:CENT2	/uod/idr/incoming/idr0021-lawo-pericentriolarmaterial/Raw-files/CENT2/NEDD1ab_Centrin_G1_20110909/NEDD1_Centrin_012_SIR_PRJ.dv
Dataset:name:CENT2	/uod/idr/incoming/idr0021-lawo-pericentriolarmaterial/Raw-files/CENT2/NEDD1ab_Centrin_G1_20110909/NEDD1_Centrin_014_SIR_PRJ.dv
Dataset:name:CENT2	/uod/idr/incoming/idr0021-lawo-pericentriolarmaterial/Raw-files/CENT2/NEDD1ab_Centrin_G1_20110909/NEDD1_Centrin_016_SIR_PRJ.dv
Dataset:name:CENT2	/uod/idr/incoming/idr0021-lawo-pericentriolarmaterial/Raw-files/CENT2/NEDD1ab_Centrin_G1_20110909/NEDD1_Centrin_020_SIR_PRJ.dv
Dataset:name:CENT2	/uod/idr/incoming/idr0021-lawo-pericentriolarmaterial/Raw-files/CENT2/NEDD1ab_Centrin_G1_20110909/NEDD1_Centrin_026_SIR_PRJ.dv
Dataset:name:CENT2	/uod/idr/incoming/idr0021-lawo-pericentriolarmaterial/Raw-files/CENT2/NEDD1ab_Centrin_G1_20110909/NEDD1_Centrin_031_SIR_PRJ.dv
Dataset:name:CENT2	/uod/idr/incoming/idr0021-lawo-pericentriolarmaterial/Raw-files/CENT2/NEDD1ab_Centrin_G1_20110909/NEDD1_Centrin_043_SIR_PRJ.dv
Dataset:name:CENT2	/uod/idr/incoming/idr0021-lawo-pericentriolarmaterial/Raw-files/CENT2/NEDD1ab_Centrin_G1_20110909/NEDD1_Centrin_046_SIR_PRJ.dv
Dataset:name:CENT2	/uod/idr/incoming/idr0021-lawo-pericentriolarmaterial/Raw-files/CENT2/NEDD1ab_Centrin_G1_20110909/NEDD1_Centrin_048_SIR_PRJ.dv
Dataset:name:CENT2	/uod/idr/incoming/idr0021-lawo-pericentriolarmaterial/Raw-files/CENT2/NEDD1ab_Centrin_G1_20110909/NEDD1_Centrin_053_SIR_PRJ.dv
Dataset:name:CEP120/20111106	/uod/idr/incoming/idr0021-lawo-pericentriolarmaterial/Raw-files/CEP120/20111106/Cep120_gtub_001_SIR_PRJ.dv
Dataset:name:CEP120/20111106	/uod/idr/incoming/idr0021-lawo-pericentriolarmaterial/Raw-files/CEP120/20111106/Cep120_gtub_002_SIR_PRJ.dv
Dataset:name:CEP120/20111106	/uod/idr/incoming/idr0021-lawo-pericentriolarmaterial/Raw-files/CEP120/20111106/Cep120_gtub_007_SIR_PRJ.dv
Dataset:name:CEP120/20111106	/uod/idr/incoming/idr0021-lawo-pericentriolarmaterial/Raw-files/CEP120/20111106/Cep120_gtub_008_SIR_PRJ.dv
Dataset:name:CEP120/20111106	/uod/idr/incoming/idr0021-lawo-pericentriolarmaterial/Raw-files/CEP120/20111106/Cep120_gtub_009_SIR_PRJ.dv
Dataset:name:CEP120/20111106	/uod/idr/incoming/idr0021-lawo-pericentriolarmaterial/Raw-files/CEP120/20111106/Cep120_gtub_010_SIR_PRJ.dv
Dataset:name:CEP120/20111106	/uod/idr/incoming/idr0021-lawo-pericentriolarmaterial/Raw-files/CEP120/20111106/Cep120_gtub_015_SIR_PRJ.dv
Dataset:name:CEP120/20111106	/uod/idr/incoming/idr0021-lawo-pericentriolarmaterial/Raw-files/CEP120/20111106/Cep120_gtub_016_SIR_PRJ.dv
Dataset:name:CEP120/20111106	/uod/idr/incoming/idr0021-lawo-pericentriolarmaterial/Raw-files/CEP120/20111106/Cep120_gtub_020_SIR_PRJ.dv
Dataset:name:CEP120/20111106	/uod/idr/incoming/idr0021-lawo-pericentriolarmaterial/Raw-files/CEP120/20111106/Cep120_gtub_023_SIR_PRJ.dv
Dataset:name:CEP120/20111106	/uod/idr/incoming/idr0021-lawo-pericentriolarmaterial/Raw-files/CEP120/20111106/Cep120_gtub_024_SIR_PRJ.dv
Dataset:name:CEP120/20111106	/uod/idr/incoming/idr0021-lawo-pericentriolarmaterial/Raw-files/CEP120/20111106/Cep120_gtub_025_SIR_PRJ.dv
Dataset:name:CEP120/20111106	/uod/idr/incoming/idr0021-lawo-pericentriolarmaterial/Raw-files/CEP120/20111106/Cep120_gtub_026_SIR_PRJ.dv
Dataset:name:CEP120/20111106	/uod/idr/incoming/idr0021-lawo-pericentriolarmaterial/Raw-files/CEP120/20111106/Cep120_gtub_027_SIR_PRJ.dv
Dataset:name:CEP120/20111106	/uod/idr/incoming/idr0021-lawo-pericentriolarmaterial/Raw-files/CEP120/20111106/Cep120_gtub_028_SIR_PRJ.dv
Dataset:name:CEP120/20111106	/uod/idr/incoming/idr0021-lawo-pericentriolarmaterial/Raw-files/CEP120/20111106/Cep120_gtub_030_SIR_PRJ.dv
Dataset:name:CEP120/20111106	/uod/idr/incoming/idr0021-lawo-pericentriolarmaterial/Raw-files/CEP120/20111106/JG_Cep120_gtub_001_SIR_PRJ.dv
Dataset:name:CEP120/20111106	/uod/idr/incoming/idr0021-lawo-pericentriolarmaterial/Raw-files/CEP120/20111106/JG_Cep120_gtub_002_SIR_PRJ.dv
Dataset:name:CEP120/20111106	/uod/idr/incoming/idr0021-lawo-pericentriolarmaterial/Raw-files/CEP120/20111106/JG_Cep120_gtub_003_SIR_PRJ.dv
Dataset:name:CEP120/20111106	/uod/idr/incoming/idr0021-lawo-pericentriolarmaterial/Raw-files/CEP120/20111106/JG_Cep120_gtub_005_SIR_PRJ.dv
Dataset:name:CEP120/20111106	/uod/idr/incoming/idr0021-lawo-pericentriolarmaterial/Raw-files/CEP120/20111106/JG_Cep120_gtub_006_SIR_PRJ.dv
Dataset:name:CEP120/20111106	/uod/idr/incoming/idr0021-lawo-pericentriolarmaterial/Raw-files/CEP120/20111106/JG_Cep120_gtub_007_SIR_PRJ.dv
Dataset:name:CEP120/20111106	/uod/idr/incoming/idr0021-lawo-pericentriolarmaterial/Raw-files/CEP120/20111106/JG_Cep120_gtub_008_SIR_PRJ.dv
Dataset:name:CEP120/20111106	/uod/idr/incoming/idr0021-lawo-pericentriolarmaterial/Raw-files/CEP120/20111106/JG_Cep120_gtub_009_SIR_PRJ.dv
Dataset:name:CEP120/20111106	/uod/idr/incoming/idr0021-lawo-pericentriolarmaterial/Raw-files/CEP120/20111106/JG_Cep120_gtub_010_SIR_PRJ.dv
Dataset:name:CEP120/20111106	/uod/idr/incoming/idr0021-lawo-pericentriolarmaterial/Raw-files/CEP120/20111106/JG_Cep120_gtub_011_SIR_PRJ.dv
Dataset:name:CEP120/20111106	/uod/idr/incoming/idr0021-lawo-pericentriolarmaterial/Raw-files/CEP120/20111106/JG_Cep120_gtub_012_SIR_PRJ.dv
Dataset:name:CEP120/20111106	/uod/idr/incoming/idr0021-lawo-pericentriolarmaterial/Raw-files/CEP120/20111106/JG_Cep120_gtub_014_SIR_PRJ.dv
Dataset:name:CEP120/20111106	/uod/idr/incoming/idr0021-lawo-pericentriolarmaterial/Raw-files/CEP120/20111106/JG_Cep120_gtub_015_SIR_PRJ.dv
Dataset:name:CEP120/20111106	/uod/idr/incoming/idr0021-lawo-pericentriolarmaterial/Raw-files/CEP120/20111106/JG_Cep120_gtub_018_SIR_PRJ.dv
Dataset:name:CEP120/20111106	/uod/idr/incoming/idr0021-lawo-pericentriolarmaterial/Raw-files/CEP120/20111106/JG_Cep120_gtub_020_SIR_PRJ.dv
Dataset:name:CEP120/20111106	/uod/idr/incoming/idr0021-lawo-pericentriolarmaterial/Raw-files/CEP120/20111106/JG_Cep120_gtub_023_SIR_PRJ.dv
Dataset:name:CEP120/20111106	/uod/idr/incoming/idr0021-lawo-pericentriolarmaterial/Raw-files/CEP120/20111106/JG_Cep120_gtub_024_SIR_PRJ.dv
Dataset:name:CEP120/20111106	/uod/idr/incoming/idr0021-lawo-pericentriolarmaterial/Raw-files/CEP120/20111106/JG_Cep120_gtub_026_SIR_PRJ.dv
Dataset:name:CEP120/20111106	/uod/idr/incoming/idr0021-lawo-pericentriolarmaterial/Raw-files/CEP120/20111106/JG_Cep120_gtub_027_SIR_PRJ.dv
Dataset:name:CEP120/20111106	/uod/idr/incoming/idr0021-lawo-pericentriolarmaterial/Raw-files/CEP120/20111106/JG_Cep120_gtub_028_SIR_PRJ.dv
Dataset:name:CEP120/20111106	/uod/idr/incoming/idr0021-lawo-pericentriolarmaterial/Raw-files/CEP120/20111106/JG_Cep120_gtub_029_SIR_PRJ.dv
Dataset:name:CEP120/20111106	/uod/idr/incoming/idr0021-lawo-pericentriolarmaterial/Raw-files/CEP120/20111106/JG_Cep120_gtub_030_SIR_PRJ.dv
Dataset:name:CEP120/20111209	/uod/idr/incoming/idr0021-lawo-pericentriolarmaterial/Raw-files/CEP120/20111209/Cep120_gtub_001_SIR_PRJ.dv
Dataset:name:CEP120/20111209	/uod/idr/incoming/idr0021-lawo-pericentriolarmaterial/Raw-files/CEP120/20111209/Cep120_gtub_002_SIR_PRJ.dv
Dataset:name:CEP120/20111209	/uod/idr/incoming/idr0021-lawo-pericentriolarmaterial/Raw-files/CEP120/20111209/Cep120_gtub_003_SIR_PRJ.dv
Dataset:name:CEP120/20111209	/uod/idr/incoming/idr0021-lawo-pericentriolarmaterial/Raw-files/CEP120/20111209/Cep120_gtub_005_SIR_PRJ.dv
Dataset:name:CEP120/20111209	/uod/idr/incoming/idr0021-lawo-pericentriolarmaterial/Raw-files/CEP120/20111209/Cep120_gtub_007_SIR_PRJ.dv
Dataset:name:CEP120/20111209	/uod/idr/incoming/idr0021-lawo-pericentriolarmaterial/Raw-files/CEP120/20111209/Cep120_gtub_008_SIR_PRJ.dv
Dataset:name:CEP120/20111209	/uod/idr/incoming/idr0021-lawo-pericentriolarmaterial/Raw-files/CEP120/20111209/Cep120_gtub_009_SIR_PRJ.dv
Dataset:name:CEP120/20111209	/uod/idr/incoming/idr0021-lawo-pericentriolarmaterial/Raw-files/CEP120/20111209/Cep120_gtub_011_SIR_PRJ.dv
Dataset:name:CEP120/20111209	/uod/idr/incoming/idr0021-lawo-pericentriolarmaterial/Raw-files/CEP120/20111209/Cep120_gtub_013_SIR_PRJ.dv
Dataset:name:CEP120/20111209	/uod/idr/incoming/idr0021-lawo-pericentriolarmaterial/Raw-files/CEP120/20111209/Cep120_gtub_015_SIR_PRJ.dv
Dataset:name:CEP152	/uod/idr/incoming/idr0021-lawo-pericentriolarmaterial/Raw-files/CEP152/Cep152_gTub_20111105/Cep152_gtub_001_SIR_PRJ.dv
Dataset:name:CEP152	/uod/idr/incoming/idr0021-lawo-pericentriolarmaterial/Raw-files/CEP152/Cep152_gTub_20111105/Cep152_gtub_002_SIR_PRJ.dv
Dataset:name:CEP152	/uod/idr/incoming/idr0021-lawo-pericentriolarmaterial/Raw-files/CEP152/Cep152_gTub_20111105/Cep152_gtub_003_SIR_PRJ.dv
Dataset:name:CEP152	/uod/idr/incoming/idr0021-lawo-pericentriolarmaterial/Raw-files/CEP152/Cep152_gTub_20111105/Cep152_gtub_006_SIR_PRJ.dv
Dataset:name:CEP152	/uod/idr/incoming/idr0021-lawo-pericentriolarmaterial/Raw-files/CEP152/Cep152_gTub_20111105/Cep152_gtub_009_SIR_PRJ.dv
Dataset:name:CEP152	/uod/idr/incoming/idr0021-lawo-pericentriolarmaterial/Raw-files/CEP152/Cep152_gTub_20111105/Cep152_gtub_010_SIR_PRJ.dv
Dataset:name:CEP152	/uod/idr/incoming/idr0021-lawo-pericentriolarmaterial/Raw-files/CEP152/Cep152_gTub_20111105/Cep152_gtub_011_SIR_PRJ.dv
Dataset:name:CEP152	/uod/idr/incoming/idr0021-lawo-pericentriolarmaterial/Raw-files/CEP152/Cep152_gTub_20111105/Cep152_gtub_012_SIR_PRJ.dv
Dataset:name:CEP152	/uod/idr/incoming/idr0021-lawo-pericentriolarmaterial/Raw-files/CEP152/Cep152_gTub_20111105/Cep152_gtub_013_SIR_PRJ.dv
Dataset:name:CEP152	/uod/idr/incoming/idr0021-lawo-pericentriolarmaterial/Raw-files/CEP152/Cep152_gTub_20111105/Cep152_gtub_015_SIR_PRJ.dv
Dataset:name:CEP152	/uod/idr/incoming/idr0021-lawo-pericentriolarmaterial/Raw-files/CEP152/Cep152_gTub_20111105/Cep152_gtub_016_SIR_PRJ.dv
Dataset:name:CEP152	/uod/idr/incoming/idr0021-lawo-pericentriolarmaterial/Raw-files/CEP152/Cep152_gTub_20111105/Cep152_gtub_018_SIR_PRJ.dv
Dataset:name:CEP152	/uod/idr/incoming/idr0021-lawo-pericentriolarmaterial/Raw-files/CEP152/Cep152_gTub_20111105/Cep152_gtub_019_SIR_PRJ.dv
Dataset:name:CEP152	/uod/idr/incoming/idr0021-lawo-pericentriolarmaterial/Raw-files/CEP152/Cep152_gTub_20111105/Cep152_gtub_021_SIR_PRJ.dv
Dataset:name:CEP152	/uod/idr/incoming/idr0021-lawo-pericentriolarmaterial/Raw-files/CEP152/Cep152_gTub_20111105/Cep152_gtub_024_SIR_PRJ.dv
Dataset:name:CEP152	/uod/idr/incoming/idr0021-lawo-pericentriolarmaterial/Raw-files/CEP152/Cep152_gTub_20111105/Cep152_gtub_026_SIR_PRJ.dv
Dataset:name:CEP152	/uod/idr/incoming/idr0021-lawo-pericentriolarmaterial/Raw-files/CEP152/Cep152_gTub_20111105/Cep152_gtub_028_SIR_PRJ.dv
Dataset:name:CEP152	/uod/idr/incoming/idr0021-lawo-pericentriolarmaterial/Raw-files/CEP152/Cep152_gTub_20111105/Cep152_gtub_031_SIR_PRJ.dv
Dataset:name:CEP152	/uod/idr/incoming/idr0021-lawo-pericentriolarmaterial/Raw-files/CEP152/Cep152_gTub_20111105/Cep152_gtub_032_SIR_PRJ.dv
Dataset:name:CEP152	/uod/idr/incoming/idr0021-lawo-pericentriolarmaterial/Raw-files/CEP152/Cep152_gTub_20111105/Cep152_gtub_033_SIR_PRJ.dv
Dataset:name:CEP152	/uod/idr/incoming/idr0021-lawo-pericentriolarmaterial/Raw-files/CEP152/Cep152_gTub_20111105/JG_Cep152_gtub_001_SIR_PRJ.dv
Dataset:name:CEP152	/uod/idr/incoming/idr0021-lawo-pericentriolarmaterial/Raw-files/CEP152/Cep152_gTub_20111105/JG_Cep152_gtub_002_SIR_PRJ.dv
Dataset:name:CEP152	/uod/idr/incoming/idr0021-lawo-pericentriolarmaterial/Raw-files/CEP152/Cep152_gTub_20111105/JG_Cep152_gtub_003_SIR_PRJ.dv
Dataset:name:CEP152	/uod/idr/incoming/idr0021-lawo-pericentriolarmaterial/Raw-files/CEP152/Cep152_gTub_20111105/JG_Cep152_gtub_004_SIR_PRJ.dv
Dataset:name:CEP152	/uod/idr/incoming/idr0021-lawo-pericentriolarmaterial/Raw-files/CEP152/Cep152_gTub_20111105/JG_Cep152_gtub_005_SIR_PRJ.dv
Dataset:name:CEP152	/uod/idr/incoming/idr0021-lawo-pericentriolarmaterial/Raw-files/CEP152/Cep152_gTub_20111105/JG_Cep152_gtub_006_SIR_PRJ.dv
Dataset:name:CEP152	/uod/idr/incoming/idr0021-lawo-pericentriolarmaterial/Raw-files/CEP152/Cep152_gTub_20111105/JG_Cep152_gtub_007_SIR_PRJ.dv
Dataset:name:CEP152	/uod/idr/incoming/idr0021-lawo-pericentriolarmaterial/Raw-files/CEP152/Cep152_gTub_20111105/JG_Cep152_gtub_008_SIR_PRJ.dv
Dataset:name:CEP152	/uod/idr/incoming/idr0021-lawo-pericentriolarmaterial/Raw-files/CEP152/Cep152_gTub_20111105/JG_Cep152_gtub_009_SIR_PRJ.dv
Dataset:name:CEP152	/uod/idr/incoming/idr0021-lawo-pericentriolarmaterial/Raw-files/CEP152/Cep152_gTub_20111105/JG_Cep152_gtub_011_SIR_PRJ.dv
Dataset:name:CEP152	/uod/idr/incoming/idr0021-lawo-pericentriolarmaterial/Raw-files/CEP152/Cep152_gTub_20111105/JG_Cep152_gtub_014_SIR_PRJ.dv
Dataset:name:CEP152	/uod/idr/incoming/idr0021-lawo-pericentriolarmaterial/Raw-files/CEP152/Cep152_gTub_20111105/JG_Cep152_gtub_017_SIR_PRJ.dv
Dataset:name:CEP152	/uod/idr/incoming/idr0021-lawo-pericentriolarmaterial/Raw-files/CEP152/Cep152_gTub_20111105/JG_Cep152_gtub_018_SIR_PRJ.dv
Dataset:name:CEP152	/uod/idr/incoming/idr0021-lawo-pericentriolarmaterial/Raw-files/CEP152/Cep152_gTub_20111105/JG_Cep152_gtub_019_SIR_PRJ.dv
Dataset:name:CEP152	/uod/idr/incoming/idr0021-lawo-pericentriolarmaterial/Raw-files/CEP152/Cep152_gTub_20111105/JG_Cep152_gtub_020_SIR_PRJ.dv
Dataset:name:CEP152	/uod/idr/incoming/idr0021-lawo-pericentriolarmaterial/Raw-files/CEP152/Cep152_gTub_20111105/JG_Cep152_gtub_021_SIR_PRJ.dv
Dataset:name:CEP152	/uod/idr/incoming/idr0021-lawo-pericentriolarmaterial/Raw-files/CEP152/Cep152_gTub_20111105/JG_Cep152_gtub_022_SIR_PRJ.dv
Dataset:name:CEP152	/uod/idr/incoming/idr0021-lawo-pericentriolarmaterial/Raw-files/CEP152/Cep152_gTub_20111105/JG_Cep152_gtub_023_SIR_PRJ.dv
Dataset:name:CEP152	/uod/idr/incoming/idr0021-lawo-pericentriolarmaterial/Raw-files/CEP152/Cep152_gTub_20111105/JG_Cep152_gtub_024_SIR_PRJ.dv
Dataset:name:CEP152	/uod/idr/incoming/idr0021-lawo-pericentriolarmaterial/Raw-files/CEP152/Cep152_gTub_20111105/JG_Cep152_gtub_025_SIR_PRJ.dv
Dataset:name:CEP152	/uod/idr/incoming/idr0021-lawo-pericentriolarmaterial/Raw-files/CEP152/Cep152_gTub_20111105/JG_Cep152_gtub_027_SIR_PRJ.dv
Dataset:name:CEP152	/uod/idr/incoming/idr0021-lawo-pericentriolarmaterial/Raw-files/CEP152/Cep152_gTub_20111105/JG_Cep152_gtub_028_SIR_PRJ.dv
Dataset:name:CEP152	/uod/idr/incoming/idr0021-lawo-pericentriolarmaterial/Raw-files/CEP152/Cep152_gTub_20111105/JG_Cep152_gtub_030_SIR_PRJ.dv
Dataset:name:CEP152	/uod/idr/incoming/idr0021-lawo-pericentriolarmaterial/Raw-files/CEP152/Cep152_gTub_20111105/JG_Cep152_gtub_031_SIR_PRJ.dv
Dataset:name:CEP152	/uod/idr/incoming/idr0021-lawo-pericentriolarmaterial/Raw-files/CEP152/Cep152_gTub_20111105/JG_Cep152_gtub_032_SIR_PRJ.dv
Dataset:name:CEP152	/uod/idr/incoming/idr0021-lawo-pericentriolarmaterial/Raw-files/CEP152/Cep152_gTub_20111105/JG_Cep152_gtub_033_SIR_PRJ.dv
Dataset:name:CEP152	/uod/idr/incoming/idr0021-lawo-pericentriolarmaterial/Raw-files/CEP152/Cep152_gTub_20111105/JG_Cep152_gtub_034_SIR_PRJ.dv
Dataset:name:CEP152	/uod/idr/incoming/idr0021-lawo-pericentriolarmaterial/Raw-files/CEP152/Cep152_gTub_20111105/JG_Cep152_gtub_035_SIR_PRJ.dv
Dataset:name:CEP152	/uod/idr/incoming/idr0021-lawo-pericentriolarmaterial/Raw-files/CEP152/Cep152_gTub_20111105/JG_Cep152_gtub_036_SIR_PRJ.dv
Dataset:name:CEP152	/uod/idr/incoming/idr0021-lawo-pericentriolarmaterial/Raw-files/CEP152/Cep152_gTub_20111105/JG_Cep152_gtub_039_SIR_PRJ.dv
Dataset:name:CEP192-M	/uod/idr/incoming/idr0021-lawo-pericentriolarmaterial/Raw-files/CEP192-M/Centrin_Sas6_Cep192_20111108/Centrin_Sas6_Cep192_001_SIR_PRJ.dv
Dataset:name:CEP192-M	/uod/idr/incoming/idr0021-lawo-pericentriolarmaterial/Raw-files/CEP192-M/Centrin_Sas6_Cep192_20111108/Centrin_Sas6_Cep192_002_SIR_PRJ.dv
Dataset:name:CEP192-M	/uod/idr/incoming/idr0021-lawo-pericentriolarmaterial/Raw-files/CEP192-M/Centrin_Sas6_Cep192_20111108/Centrin_Sas6_Cep192_003_SIR_PRJ.dv
Dataset:name:CEP192-M	/uod/idr/incoming/idr0021-lawo-pericentriolarmaterial/Raw-files/CEP192-M/Centrin_Sas6_Cep192_20111108/Centrin_Sas6_Cep192_004_SIR_PRJ.dv
Dataset:name:CEP192-M	/uod/idr/incoming/idr0021-lawo-pericentriolarmaterial/Raw-files/CEP192-M/Centrin_Sas6_Cep192_20111108/Centrin_Sas6_Cep192_007_SIR_PRJ.dv
Dataset:name:CEP192-M	/uod/idr/incoming/idr0021-lawo-pericentriolarmaterial/Raw-files/CEP192-M/Centrin_Sas6_Cep192_20111108/Centrin_Sas6_Cep192_008_SIR_PRJ.dv
Dataset:name:CEP192-M	/uod/idr/incoming/idr0021-lawo-pericentriolarmaterial/Raw-files/CEP192-M/Centrin_Sas6_Cep192_20111108/Centrin_Sas6_Cep192_009_SIR_PRJ.dv
Dataset:name:CEP192-M	/uod/idr/incoming/idr0021-lawo-pericentriolarmaterial/Raw-files/CEP192-M/Centrin_Sas6_Cep192_20111108/Centrin_Sas6_Cep192_010_SIR_PRJ.dv
Dataset:name:CEP192-M	/uod/idr/incoming/idr0021-lawo-pericentriolarmaterial/Raw-files/CEP192-M/Centrin_Sas6_Cep192_20111108/Centrin_Sas6_Cep192_012_SIR_PRJ.dv
Dataset:name:CEP192-M	/uod/idr/incoming/idr0021-lawo-pericentriolarmaterial/Raw-files/CEP192-M/Centrin_Sas6_Cep192_20111108/Centrin_Sas6_Cep192_013_SIR_PRJ.dv
Dataset:name:CEP192-M	/uod/idr/incoming/idr0021-lawo-pericentriolarmaterial/Raw-files/CEP192-M/Centrin_Sas6_Cep192_20111108/Centrin_Sas6_Cep192_014_SIR_PRJ.dv
Dataset:name:CEP192-M	/uod/idr/incoming/idr0021-lawo-pericentriolarmaterial/Raw-files/CEP192-M/Centrin_Sas6_Cep192_20111108/Centrin_Sas6_Cep192_016_SIR_PRJ.dv
Dataset:name:CEP192-M	/uod/idr/incoming/idr0021-lawo-pericentriolarmaterial/Raw-files/CEP192-M/Centrin_Sas6_Cep192_20111108/Centrin_Sas6_Cep192_017_SIR_PRJ.dv
Dataset:name:CEP192-M	/uod/idr/incoming/idr0021-lawo-pericentriolarmaterial/Raw-files/CEP192-M/Centrin_Sas6_Cep192_20111108/Centrin_Sas6_Cep192_018_SIR_PRJ.dv
Dataset:name:CEP192-M	/uod/idr/incoming/idr0021-lawo-pericentriolarmaterial/Raw-files/CEP192-M/Centrin_Sas6_Cep192_20111108/Centrin_Sas6_Cep192_019_SIR_PRJ.dv
Dataset:name:CEP192-M	/uod/idr/incoming/idr0021-lawo-pericentriolarmaterial/Raw-files/CEP192-M/Centrin_Sas6_Cep192_20111108/Centrin_Sas6_Cep192_020_SIR_PRJ.dv
Dataset:name:CEP192-M	/uod/idr/incoming/idr0021-lawo-pericentriolarmaterial/Raw-files/CEP192-M/Centrin_Sas6_Cep192_20111108/Centrin_Sas6_Cep192_022_SIR_PRJ.dv
Dataset:name:CEP192-M	/uod/idr/incoming/idr0021-lawo-pericentriolarmaterial/Raw-files/CEP192-M/Centrin_Sas6_Cep192_20111108/Centrin_Sas6_Cep192_026_SIR_PRJ.dv
Dataset:name:CEP192-M	/uod/idr/incoming/idr0021-lawo-pericentriolarmaterial/Raw-files/CEP192-M/Centrin_Sas6_Cep192_20111108/Centrin_Sas6_Cep192_028_SIR_PRJ.dv
Dataset:name:CEP192-M	/uod/idr/incoming/idr0021-lawo-pericentriolarmaterial/Raw-files/CEP192-M/Centrin_Sas6_Cep192_20111108/Centrin_Sas6_Cep192_030_SIR_PRJ.dv
Dataset:name:CEP192-M	/uod/idr/incoming/idr0021-lawo-pericentriolarmaterial/Raw-files/CEP192-M/Centrin_Sas6_Cep192_20111108/Centrin_Sas6_Cep192_032_SIR_PRJ.dv
Dataset:name:CEP192-M	/uod/idr/incoming/idr0021-lawo-pericentriolarmaterial/Raw-files/CEP192-M/Centrin_Sas6_Cep192_20111108/Centrin_Sas6_Cep192_035_SIR_PRJ.dv
Dataset:name:CEP192-M	/uod/idr/incoming/idr0021-lawo-pericentriolarmaterial/Raw-files/CEP192-M/Centrin_Sas6_Cep192_20111108/Centrin_Sas6_Cep192_036_SIR_PRJ.dv
Dataset:name:CEP192-M	/uod/idr/incoming/idr0021-lawo-pericentriolarmaterial/Raw-files/CEP192-M/Centrin_Sas6_Cep192_20111108/Centrin_Sas6_Cep192_038_SIR_PRJ.dv
Dataset:name:CEP192-M	/uod/idr/incoming/idr0021-lawo-pericentriolarmaterial/Raw-files/CEP192-M/Centrin_Sas6_Cep192_20111108/Centrin_Sas6_Cep192_039_SIR_PRJ.dv
Dataset:name:CEP192-M	/uod/idr/incoming/idr0021-lawo-pericentriolarmaterial/Raw-files/CEP192-M/Cep192_Centrin_20101014/Ctrl_Cep192_Cent_20101014_Thu-1301_1_SIR_PRJ.dv
Dataset:name:CEP192-M	/uod/idr/incoming/idr0021-lawo-pericentriolarmaterial/Raw-files/CEP192-M/Cep192_Centrin_20101014/Ctrl_Cep192_Cent_20101014_Thu-1315_1_SIR_PRJ.dv
Dataset:name:CEP192-M	/uod/idr/incoming/idr0021-lawo-pericentriolarmaterial/Raw-files/CEP192-M/Cep192_Centrin_20101014/Ctrl_Cep192_Cent_20101014_Thu-1318_1_SIR_PRJ.dv
Dataset:name:CEP192-M	/uod/idr/incoming/idr0021-lawo-pericentriolarmaterial/Raw-files/CEP192-M/Cep192_Centrin_20101014/Ctrl_Cep192_Cent_20101014_Thu-1436_1_SIR_PRJ.dv
Dataset:name:CEP192-M	/uod/idr/incoming/idr0021-lawo-pericentriolarmaterial/Raw-files/CEP192-M/Cep192_Centrin_20101014/Ctrl_Cep192_Cent_20101014_Thu-1438_1_SIR_PRJ.dv
Dataset:name:CEP192-M	/uod/idr/incoming/idr0021-lawo-pericentriolarmaterial/Raw-files/CEP192-M/Cep192_Centrin_20101014/Ctrl_Cep192_Cent_20101014_Thu-1443_1_SIR_PRJ.dv
Dataset:name:CEP192-M	/uod/idr/incoming/idr0021-lawo-pericentriolarmaterial/Raw-files/CEP192-M/Cep192_Centrin_20101014/Ctrl_Cep192_Cent_20101014_Thu-1446_1_SIR_PRJ.dv
Dataset:name:CEP192-M	/uod/idr/incoming/idr0021-lawo-pericentriolarmaterial/Raw-files/CEP192-M/Cep192_Centrin_20101014/Ctrl_Cep192_Cent_20101014_Thu-1452_1_SIR_PRJ.dv
Dataset:name:CPAP	/uod/idr/incoming/idr0021-lawo-pericentriolarmaterial/Raw-files/CPAP/Centrin_Cpap_PCNT-N20_20111108/Centrin_Cpap_PCNTN20_001_SIR_PRJ.dv
Dataset:name:CPAP	/uod/idr/incoming/idr0021-lawo-pericentriolarmaterial/Raw-files/CPAP/Centrin_Cpap_PCNT-N20_20111108/Centrin_Cpap_PCNTN20_002_SIR_PRJ.dv
Dataset:name:CPAP	/uod/idr/incoming/idr0021-lawo-pericentriolarmaterial/Raw-files/CPAP/Centrin_Cpap_PCNT-N20_20111108/Centrin_Cpap_PCNTN20_003_SIR_PRJ.dv
Dataset:name:CPAP	/uod/idr/incoming/idr0021-lawo-pericentriolarmaterial/Raw-files/CPAP/Centrin_Cpap_PCNT-N20_20111108/Centrin_Cpap_PCNTN20_004_SIR_PRJ.dv
Dataset:name:CPAP	/uod/idr/incoming/idr0021-lawo-pericentriolarmaterial/Raw-files/CPAP/Centrin_Cpap_PCNT-N20_20111108/Centrin_Cpap_PCNTN20_005_SIR_PRJ.dv
Dataset:name:CPAP	/uod/idr/incoming/idr0021-lawo-pericentriolarmaterial/Raw-files/CPAP/Centrin_Cpap_PCNT-N20_20111108/Centrin_Cpap_PCNTN20_007_SIR_PRJ.dv
Dataset:name:CPAP	/uod/idr/incoming/idr0021-lawo-pericentriolarmaterial/Raw-files/CPAP/Centrin_Cpap_PCNT-N20_20111108/Centrin_Cpap_PCNTN20_008_SIR_PRJ.dv
Dataset:name:CPAP	/uod/idr/incoming/idr0021-lawo-pericentriolarmaterial/Raw-files/CPAP/Centrin_Cpap_PCNT-N20_20111108/Centrin_Cpap_PCNTN20_009_SIR_PRJ.dv
Dataset:name:CPAP	/uod/idr/incoming/idr0021-lawo-pericentriolarmaterial/Raw-files/CPAP/Centrin_Cpap_PCNT-N20_20111108/Centrin_Cpap_PCNTN20_010_SIR_PRJ.dv
Dataset:name:CPAP	/uod/idr/incoming/idr0021-lawo-pericentriolarmaterial/Raw-files/CPAP/Centrin_Cpap_PCNT-N20_20111108/Centrin_Cpap_PCNTN20_011_SIR_PRJ.dv
Dataset:name:CPAP	/uod/idr/incoming/idr0021-lawo-pericentriolarmaterial/Raw-files/CPAP/Centrin_Cpap_PCNT-N20_20111108/Centrin_Cpap_PCNTN20_012_SIR_PRJ.dv
Dataset:name:CPAP	/uod/idr/incoming/idr0021-lawo-pericentriolarmaterial/Raw-files/CPAP/Centrin_Cpap_PCNT-N20_20111108/Centrin_Cpap_PCNTN20_014_SIR_PRJ.dv
Dataset:name:CPAP	/uod/idr/incoming/idr0021-lawo-pericentriolarmaterial/Raw-files/CPAP/Centrin_Cpap_PCNT-N20_20111108/Centrin_Cpap_PCNTN20_016_SIR_PRJ.dv
Dataset:name:CPAP	/uod/idr/incoming/idr0021-lawo-pericentriolarmaterial/Raw-files/CPAP/Centrin_Cpap_PCNT-N20_20111108/Centrin_Cpap_PCNTN20_017_SIR_PRJ.dv
Dataset:name:CPAP	/uod/idr/incoming/idr0021-lawo-pericentriolarmaterial/Raw-files/CPAP/Centrin_Cpap_PCNT-N20_20111108/Centrin_Cpap_PCNTN20_018_SIR_PRJ.dv
Dataset:name:CPAP	/uod/idr/incoming/idr0021-lawo-pericentriolarmaterial/Raw-files/CPAP/Centrin_Cpap_PCNT-N20_20111108/Centrin_Cpap_PCNTN20_019_SIR_PRJ.dv
Dataset:name:CPAP	/uod/idr/incoming/idr0021-lawo-pericentriolarmaterial/Raw-files/CPAP/Cpap_gTub_20111215/CPAP_gtub_001_SIR_PRJ.dv
Dataset:name:CPAP	/uod/idr/incoming/idr0021-lawo-pericentriolarmaterial/Raw-files/CPAP/Cpap_gTub_20111215/CPAP_gtub_002_SIR_PRJ.dv
Dataset:name:CPAP	/uod/idr/incoming/idr0021-lawo-pericentriolarmaterial/Raw-files/CPAP/Cpap_gTub_20111215/CPAP_gtub_003_SIR_PRJ.dv
Dataset:name:CPAP	/uod/idr/incoming/idr0021-lawo-pericentriolarmaterial/Raw-files/CPAP/Cpap_gTub_20111215/CPAP_gtub_005_SIR_PRJ.dv
Dataset:name:CPAP	/uod/idr/incoming/idr0021-lawo-pericentriolarmaterial/Raw-files/CPAP/Cpap_gTub_20111215/CPAP_gtub_006_SIR_PRJ.dv
Dataset:name:CPAP	/uod/idr/incoming/idr0021-lawo-pericentriolarmaterial/Raw-files/CPAP/Cpap_gTub_20111215/CPAP_gtub_007_SIR_PRJ.dv
Dataset:name:CPAP	/uod/idr/incoming/idr0021-lawo-pericentriolarmaterial/Raw-files/CPAP/Cpap_gTub_20111215/CPAP_gtub_008_SIR_PRJ.dv
Dataset:name:CPAP	/uod/idr/incoming/idr0021-lawo-pericentriolarmaterial/Raw-files/CPAP/Cpap_gTub_20111215/CPAP_gtub_009_SIR_PRJ.dv
Dataset:name:CPAP	/uod/idr/incoming/idr0021-lawo-pericentriolarmaterial/Raw-files/CPAP/Cpap_gTub_20111215/CPAP_gtub_012_SIR_PRJ.dv
Dataset:name:CPAP	/uod/idr/incoming/idr0021-lawo-pericentriolarmaterial/Raw-files/CPAP/Cpap_gTub_20111215/CPAP_gtub_013_SIR_PRJ.dv
Dataset:name:CPAP	/uod/idr/incoming/idr0021-lawo-pericentriolarmaterial/Raw-files/CPAP/Cpap_gTub_20111215/CPAP_gtub_015_SIR_PRJ.dv
Dataset:name:CPAP	/uod/idr/incoming/idr0021-lawo-pericentriolarmaterial/Raw-files/CPAP/Cpap_gTub_20111215/CPAP_gtub_016_SIR_PRJ.dv
Dataset:name:CPAP	/uod/idr/incoming/idr0021-lawo-pericentriolarmaterial/Raw-files/CPAP/Cpap_gTub_20111215/CPAP_gtub_017_SIR_PRJ.dv
Dataset:name:CPAP	/uod/idr/incoming/idr0021-lawo-pericentriolarmaterial/Raw-files/CPAP/Cpap_gTub_20111215/CPAP_gtub_019_SIR_PRJ.dv
Dataset:name:CPAP	/uod/idr/incoming/idr0021-lawo-pericentriolarmaterial/Raw-files/CPAP/Cpap_gTub_20111215/CPAP_gtub_020_SIR_PRJ.dv
Dataset:name:CPAP	/uod/idr/incoming/idr0021-lawo-pericentriolarmaterial/Raw-files/CPAP/Cpap_gTub_20111215/CPAP_gtub_022_SIR_PRJ.dv
Dataset:name:CPAP	/uod/idr/incoming/idr0021-lawo-pericentriolarmaterial/Raw-files/CPAP/Cpap_gTub_20111215/CPAP_gtub_023_SIR_PRJ.dv
Dataset:name:CPAP	/uod/idr/incoming/idr0021-lawo-pericentriolarmaterial/Raw-files/CPAP/Cpap_gTub_20111215/CPAP_gtub_025_SIR_PRJ.dv
Dataset:name:CPAP	/uod/idr/incoming/idr0021-lawo-pericentriolarmaterial/Raw-files/CPAP/Cpap_gTub_20111215/CPAP_gtub_026_SIR_PRJ.dv
Dataset:name:CPAP	/uod/idr/incoming/idr0021-lawo-pericentriolarmaterial/Raw-files/CPAP/Cpap_gTub_20111215/CPAP_gtub_027_SIR_PRJ.dv
Dataset:name:CPAP	/uod/idr/incoming/idr0021-lawo-pericentriolarmaterial/Raw-files/CPAP/Cpap_gTub_20111215/CPAP_gtub_028_SIR_PRJ.dv
Dataset:name:CPAP	/uod/idr/incoming/idr0021-lawo-pericentriolarmaterial/Raw-files/CPAP/Cpap_gTub_20111215/CPAP_gtub_029_SIR_PRJ.dv
Dataset:name:NEDD1-C1	/uod/idr/incoming/idr0021-lawo-pericentriolarmaterial/Raw-files/NEDD1-C1/141NEDD1_NEDD1ab_20110622_and_20110909/20110909/NEDD1141_NEDD1ab_I_001_SIR_PRJ.dv
Dataset:name:NEDD1-C1	/uod/idr/incoming/idr0021-lawo-pericentriolarmaterial/Raw-files/NEDD1-C1/141NEDD1_NEDD1ab_20110622_and_20110909/20110909/NEDD1141_NEDD1ab_I_002_SIR_PRJ.dv
Dataset:name:NEDD1-C1	/uod/idr/incoming/idr0021-lawo-pericentriolarmaterial/Raw-files/NEDD1-C1/141NEDD1_NEDD1ab_20110622_and_20110909/20110909/NEDD1141_NEDD1ab_I_006_SIR_PRJ.dv
Dataset:name:NEDD1-C1	/uod/idr/incoming/idr0021-lawo-pericentriolarmaterial/Raw-files/NEDD1-C1/141NEDD1_NEDD1ab_20110622_and_20110909/20110909/NEDD1141_NEDD1ab_I_007_SIR_PRJ.dv
Dataset:name:NEDD1-C1	/uod/idr/incoming/idr0021-lawo-pericentriolarmaterial/Raw-files/NEDD1-C1/141NEDD1_NEDD1ab_20110622_and_20110909/20110909/NEDD1141_NEDD1ab_I_010_SIR_PRJ.dv
Dataset:name:NEDD1-C1	/uod/idr/incoming/idr0021-lawo-pericentriolarmaterial/Raw-files/NEDD1-C1/141NEDD1_NEDD1ab_20110622_and_20110909/20110909/NEDD1141_NEDD1ab_I_011_SIR_PRJ.dv
Dataset:name:NEDD1-C1	/uod/idr/incoming/idr0021-lawo-pericentriolarmaterial/Raw-files/NEDD1-C1/141NEDD1_NEDD1ab_20110622_and_20110909/20110909/NEDD1141_NEDD1ab_I_012_SIR_PRJ.dv
Dataset:name:NEDD1-C1	/uod/idr/incoming/idr0021-lawo-pericentriolarmaterial/Raw-files/NEDD1-C1/141NEDD1_NEDD1ab_20110622_and_20110909/20110909/NEDD1141_NEDD1ab_I_013_SIR_PRJ.dv
Dataset:name:NEDD1-C1	/uod/idr/incoming/idr0021-lawo-pericentriolarmaterial/Raw-files/NEDD1-C1/141NEDD1_NEDD1ab_20110622_and_20110909/20110909/NEDD1141_NEDD1ab_I_015_SIR_PRJ.dv
Dataset:name:NEDD1-C1	/uod/idr/incoming/idr0021-lawo-pericentriolarmaterial/Raw-files/NEDD1-C1/141NEDD1_NEDD1ab_20110622_and_20110909/20110909/NEDD1141_NEDD1ab_I_016_SIR_PRJ.dv
Dataset:name:NEDD1-C1	/uod/idr/incoming/idr0021-lawo-pericentriolarmaterial/Raw-files/NEDD1-C1/141NEDD1_NEDD1ab_20110622_and_20110909/20110909/NEDD1141_NEDD1ab_I_017_SIR_PRJ.dv
Dataset:name:NEDD1-C1	/uod/idr/incoming/idr0021-lawo-pericentriolarmaterial/Raw-files/NEDD1-C1/141NEDD1_NEDD1ab_20110622_and_20110909/20110909/NEDD1141_NEDD1ab_I_018_SIR_PRJ.dv
Dataset:name:NEDD1-C1	/uod/idr/incoming/idr0021-lawo-pericentriolarmaterial/Raw-files/NEDD1-C1/141NEDD1_NEDD1ab_20110622_and_20110909/20110909/NEDD1141_NEDD1ab_I_019_SIR_PRJ.dv
Dataset:name:NEDD1-C1	/uod/idr/incoming/idr0021-lawo-pericentriolarmaterial/Raw-files/NEDD1-C1/141NEDD1_NEDD1ab_20110622_and_20110909/20110909/NEDD1141_NEDD1ab_I_022_SIR_PRJ.dv
Dataset:name:NEDD1-C1	/uod/idr/incoming/idr0021-lawo-pericentriolarmaterial/Raw-files/NEDD1-C1/141NEDD1_NEDD1ab_20110622_and_20110909/20110909/NEDD1141_NEDD1ab_I_023_SIR_PRJ.dv
Dataset:name:NEDD1-C1	/uod/idr/incoming/idr0021-lawo-pericentriolarmaterial/Raw-files/NEDD1-C1/141NEDD1_NEDD1ab_20110622_and_20110909/20110909/NEDD1141_NEDD1ab_I_024_SIR_PRJ.dv
Dataset:name:NEDD1-C1	/uod/idr/incoming/idr0021-lawo-pericentriolarmaterial/Raw-files/NEDD1-C1/141NEDD1_NEDD1ab_20110622_and_20110909/20110909/NEDD1141_NEDD1ab_I_025_SIR_PRJ.dv
Dataset:name:NEDD1-C1	/uod/idr/incoming/idr0021-lawo-pericentriolarmaterial/Raw-files/NEDD1-C1/141NEDD1_NEDD1ab_20110622_and_20110909/20110909/NEDD1141_NEDD1ab_I_026_SIR_PRJ.dv
Dataset:name:NEDD1-C1	/uod/idr/incoming/idr0021-lawo-pericentriolarmaterial/Raw-files/NEDD1-C1/141NEDD1_NEDD1ab_20110622_and_20110909/20110909/NEDD1141_NEDD1ab_I_027_SIR_PRJ.dv
Dataset:name:NEDD1-C1	/uod/idr/incoming/idr0021-lawo-pericentriolarmaterial/Raw-files/NEDD1-C1/141NEDD1_NEDD1ab_20110622_and_20110909/20110909/NEDD1141_NEDD1ab_I_028_SIR_PRJ.dv
Dataset:name:NEDD1-C1	/uod/idr/incoming/idr0021-lawo-pericentriolarmaterial/Raw-files/NEDD1-C1/141NEDD1_NEDD1ab_20110622_and_20110909/20110909/NEDD1141_NEDD1ab_I_029_SIR_PRJ.dv
Dataset:name:NEDD1-C1	/uod/idr/incoming/idr0021-lawo-pericentriolarmaterial/Raw-files/NEDD1-C1/NEDD1ab_NEDD1141_20110623-and-20110909/20110909/NEDD1ab_NEDD1141_I_001_SIR_PRJ.dv
Dataset:name:NEDD1-C1	/uod/idr/incoming/idr0021-lawo-pericentriolarmaterial/Raw-files/NEDD1-C1/NEDD1ab_NEDD1141_20110623-and-20110909/20110909/NEDD1ab_NEDD1141_I_002_SIR_PRJ.dv
Dataset:name:NEDD1-C1	/uod/idr/incoming/idr0021-lawo-pericentriolarmaterial/Raw-files/NEDD1-C1/NEDD1ab_NEDD1141_20110623-and-20110909/20110909/NEDD1ab_NEDD1141_I_003_SIR_PRJ.dv
Dataset:name:NEDD1-C1	/uod/idr/incoming/idr0021-lawo-pericentriolarmaterial/Raw-files/NEDD1-C1/NEDD1ab_NEDD1141_20110623-and-20110909/20110909/NEDD1ab_NEDD1141_I_004_SIR_PRJ.dv
Dataset:name:NEDD1-C1	/uod/idr/incoming/idr0021-lawo-pericentriolarmaterial/Raw-files/NEDD1-C1/NEDD1ab_NEDD1141_20110623-and-20110909/20110909/NEDD1ab_NEDD1141_I_005_SIR_PRJ.dv
Dataset:name:NEDD1-C1	/uod/idr/incoming/idr0021-lawo-pericentriolarmaterial/Raw-files/NEDD1-C1/NEDD1ab_NEDD1141_20110623-and-20110909/20110909/NEDD1ab_NEDD1141_I_006_SIR_PRJ.dv
Dataset:name:NEDD1-C1	/uod/idr/incoming/idr0021-lawo-pericentriolarmaterial/Raw-files/NEDD1-C1/NEDD1ab_NEDD1141_20110623-and-20110909/20110909/NEDD1ab_NEDD1141_I_008_SIR_PRJ.dv
Dataset:name:NEDD1-C1	/uod/idr/incoming/idr0021-lawo-pericentriolarmaterial/Raw-files/NEDD1-C1/NEDD1ab_NEDD1141_20110623-and-20110909/20110909/NEDD1ab_NEDD1141_I_010_SIR_PRJ.dv
Dataset:name:NEDD1-C1	/uod/idr/incoming/idr0021-lawo-pericentriolarmaterial/Raw-files/NEDD1-C1/NEDD1ab_NEDD1141_20110623-and-20110909/20110909/NEDD1ab_NEDD1141_I_011_SIR_PRJ.dv
Dataset:name:NEDD1-C1	/uod/idr/incoming/idr0021-lawo-pericentriolarmaterial/Raw-files/NEDD1-C1/NEDD1ab_NEDD1141_20110623-and-20110909/20110909/NEDD1ab_NEDD1141_I_012_SIR.dv
Dataset:name:NEDD1-C1	/uod/idr/incoming/idr0021-lawo-pericentriolarmaterial/Raw-files/NEDD1-C1/NEDD1ab_NEDD1141_20110623-and-20110909/20110909/NEDD1ab_NEDD1141_I_013_SIR_PRJ.dv
Dataset:name:NEDD1-C1	/uod/idr/incoming/idr0021-lawo-pericentriolarmaterial/Raw-files/NEDD1-C1/NEDD1ab_NEDD1141_20110623-and-20110909/20110909/NEDD1ab_NEDD1141_I_015_SIR_PRJ.dv
Dataset:name:NEDD1-C1	/uod/idr/incoming/idr0021-lawo-pericentriolarmaterial/Raw-files/NEDD1-C1/NEDD1ab_NEDD1141_20110623-and-20110909/20110909/NEDD1ab_NEDD1141_I_016_SIR_PRJ.dv
Dataset:name:NEDD1-C1	/uod/idr/incoming/idr0021-lawo-pericentriolarmaterial/Raw-files/NEDD1-C1/NEDD1ab_NEDD1141_20110623-and-20110909/20110909/NEDD1ab_NEDD1141_I_019_SIR_PRJ.dv
Dataset:name:NEDD1-C1	/uod/idr/incoming/idr0021-lawo-pericentriolarmaterial/Raw-files/NEDD1-C1/NEDD1ab_NEDD1141_20110623-and-20110909/20110909/NEDD1ab_NEDD1141_I_022_SIR_PRJ.dv
Dataset:name:NEDD1-C1	/uod/idr/incoming/idr0021-lawo-pericentriolarmaterial/Raw-files/NEDD1-C1/NEDD1ab_NEDD1141_20110623-and-20110909/20110909/NEDD1ab_NEDD1141_I_024_SIR_PRJ.dv
Dataset:name:NEDD1-C1	/uod/idr/incoming/idr0021-lawo-pericentriolarmaterial/Raw-files/NEDD1-C1/NEDD1ab_NEDD1141_20110623-and-20110909/20110909/NEDD1ab_NEDD1141_I_025_SIR_PRJ.dv
Dataset:name:NEDD1-C1	/uod/idr/incoming/idr0021-lawo-pericentriolarmaterial/Raw-files/NEDD1-C1/NEDD1ab_NEDD1141_20110623-and-20110909/20110909/NEDD1ab_NEDD1141_I_033_SIR_PRJ.dv
Dataset:name:NEDD1-C1	/uod/idr/incoming/idr0021-lawo-pericentriolarmaterial/Raw-files/NEDD1-C1/NEDD1ab_NEDD1141_20110623-and-20110909/20110909/NEDD1ab_NEDD1141_I_034_SIR_PRJ.dv
Dataset:name:NEDD1-C1	/uod/idr/incoming/idr0021-lawo-pericentriolarmaterial/Raw-files/NEDD1-C1/NEDD1ab_PCNTab_20100521_tifs/ALX_NEDD1_PCNT_20100521_Fri-1101_0_SIR_PRJ_615_525_xx.tif
Dataset:name:NEDD1-C1	/uod/idr/incoming/idr0021-lawo-pericentriolarmaterial/Raw-files/NEDD1-C1/NEDD1ab_PCNTab_20100521_tifs/ALX_NEDD1_PCNT_20100521_Fri-1104_0_SIR_PRJ_615_525_xx.tif
Dataset:name:NEDD1-C1	/uod/idr/incoming/idr0021-lawo-pericentriolarmaterial/Raw-files/NEDD1-C1/NEDD1ab_PCNTab_20100521_tifs/ALX_NEDD1_PCNT_20100521_Fri-1109_0_SIR_PRJ_615_525_xx.tif
Dataset:name:NEDD1-C1	/uod/idr/incoming/idr0021-lawo-pericentriolarmaterial/Raw-files/NEDD1-C1/NEDD1ab_PCNTab_20100521_tifs/ALX_NEDD1_PCNT_20100521_Fri-1112_0_SIR_PRJ_615_525_xx.tif
Dataset:name:NEDD1-C1	/uod/idr/incoming/idr0021-lawo-pericentriolarmaterial/Raw-files/NEDD1-C1/NEDD1ab_PCNTab_20100521_tifs/ALX_NEDD1_PCNT_20100521_Fri-1116_0_SIR_PRJ_615_525_xx.tif
Dataset:name:NEDD1-C1	/uod/idr/incoming/idr0021-lawo-pericentriolarmaterial/Raw-files/NEDD1-C1/NEDD1ab_PCNTab_20100521_tifs/ALX_NEDD1_PCNT_20100521_Fri-1118_0_SIR_PRJ_615_525_xx.tif
Dataset:name:NEDD1-C1	/uod/idr/incoming/idr0021-lawo-pericentriolarmaterial/Raw-files/NEDD1-C1/NEDD1ab_PCNTab_20100521_tifs/ALX_NEDD1_PCNT_20100521_Fri-1121_0_SIR_PRJ_615_525_xx.tif
Dataset:name:NEDD1-C1	/uod/idr/incoming/idr0021-lawo-pericentriolarmaterial/Raw-files/NEDD1-C1/NEDD1ab_PCNTab_20100521_tifs/ALX_NEDD1_PCNT_20100521_Fri-1128_0_SIR_PRJ_615_525_xx.tif
Dataset:name:NEDD1-C1	/uod/idr/incoming/idr0021-lawo-pericentriolarmaterial/Raw-files/NEDD1-C1/PCNTab_NEDD1ab_20100507/siCTRL_PCNT_NEDD1_20100507_Fri-1628_0_SIR_PRJ.dv
Dataset:name:NEDD1-C1	/uod/idr/incoming/idr0021-lawo-pericentriolarmaterial/Raw-files/NEDD1-C1/PCNTab_NEDD1ab_20100507/siCTRL_PCNT_NEDD1_20100507_Fri-1637_0_SIR_PRJ.dv
Dataset:name:NEDD1-C1	/uod/idr/incoming/idr0021-lawo-pericentriolarmaterial/Raw-files/NEDD1-C1/PCNTab_NEDD1ab_20100507/siCTRL_PCNT_NEDD1_20100507_Fri-1643_0_SIR_PRJ.dv
Dataset:name:NEDD1-C1	/uod/idr/incoming/idr0021-lawo-pericentriolarmaterial/Raw-files/NEDD1-C1/PCNTab_NEDD1ab_20100507/siCTRL_PCNT_NEDD1_20100507_Fri-1702_0_SIR_PRJ.dv
Dataset:name:NEDD1-C1	/uod/idr/incoming/idr0021-lawo-pericentriolarmaterial/Raw-files/NEDD1-C1/PCNTab_NEDD1ab_20100507/siCTRL_PCNT_NEDD1_20100507_Fri-1725_0_SIR_PRJ.dv
Dataset:name:NEDD1-C1	/uod/idr/incoming/idr0021-lawo-pericentriolarmaterial/Raw-files/NEDD1-C1/PCNTab_NEDD1ab_20100507/siCTRL_PCNT_NEDD1_20100507_Fri-1732_0_SIR_PRJ.dv
Dataset:name:NEDD1-C1	/uod/idr/incoming/idr0021-lawo-pericentriolarmaterial/Raw-files/NEDD1-C1/PCNTab_NEDD1ab_20100507/siCTRL_PCNT_NEDD1_20100507_Fri-1737_0_SIR_PRJ.dv
Dataset:name:NEDD1-C1	/uod/idr/incoming/idr0021-lawo-pericentriolarmaterial/Raw-files/NEDD1-C1/PCNTab_NEDD1ab_20100507/siCTRL_PCNT_NEDD1_20100507_Fri-1743_0_SIR_PRJ.dv
Dataset:name:NEDD1-C1	/uod/idr/incoming/idr0021-lawo-pericentriolarmaterial/Raw-files/NEDD1-C1/PCNTab_NEDD1ab_20100507/siCTRL_PCNT_NEDD1_20100507_Fri-1747_0_SIR_PRJ.dv
Dataset:name:PCNT-N1	/uod/idr/incoming/idr0021-lawo-pericentriolarmaterial/Raw-files/PCNT-N1/PCNT-N20_PCNTab_20110617/N20_PCNTab_ctrl_20110618_Sat-1400_0_SIR_PRJ.dv
Dataset:name:PCNT-N1	/uod/idr/incoming/idr0021-lawo-pericentriolarmaterial/Raw-files/PCNT-N1/PCNT-N20_PCNTab_20110617/N20_PCNTab_ctrl_20110618_Sat-1403_0_SIR_PRJ.dv
Dataset:name:PCNT-N1	/uod/idr/incoming/idr0021-lawo-pericentriolarmaterial/Raw-files/PCNT-N1/PCNT-N20_PCNTab_20110617/N20_PCNTab_ctrl_20110618_Sat-1407_0_SIR_PRJ.dv
Dataset:name:PCNT-N1	/uod/idr/incoming/idr0021-lawo-pericentriolarmaterial/Raw-files/PCNT-N1/PCNT-N20_PCNTab_20110617/N20_PCNTab_ctrl_20110618_Sat-1414_0_SIR_PRJ.dv
Dataset:name:PCNT-N1	/uod/idr/incoming/idr0021-lawo-pericentriolarmaterial/Raw-files/PCNT-N1/PCNT-N20_PCNTab_20110617/N20_PCNTab_ctrl_20110618_Sat-1459_0_SIR_PRJ.dv
Dataset:name:PCNT-N1	/uod/idr/incoming/idr0021-lawo-pericentriolarmaterial/Raw-files/PCNT-N1/PCNT-N20_PCNTab_20110617/N20_PCNTab_ctrl_20110618_Sat-1504_0_SIR_PRJ.dv
Dataset:name:PCNT-N1	/uod/idr/incoming/idr0021-lawo-pericentriolarmaterial/Raw-files/PCNT-N1/PCNT-N20_PCNTab_20110617/N20_PCNTab_ctrl_20110618_Sat-1510_0_SIR_PRJ.dv
Dataset:name:PCNT-N1	/uod/idr/incoming/idr0021-lawo-pericentriolarmaterial/Raw-files/PCNT-N1/PCNT-N20_PCNTab_20110617/N20_PCNTab_ctrl_20110618_Sat-1516_0_SIR_PRJ.dv
Dataset:name:PCNT-N1	/uod/idr/incoming/idr0021-lawo-pericentriolarmaterial/Raw-files/PCNT-N1/PCNTab_gTub_20110909/PCNT_gtub_I_003_SIR_PRJ.dv
Dataset:name:PCNT-N1	/uod/idr/incoming/idr0021-lawo-pericentriolarmaterial/Raw-files/PCNT-N1/PCNTab_gTub_20110909/PCNT_gtub_I_004_SIR_PRJ.dv
Dataset:name:PCNT-N1	/uod/idr/incoming/idr0021-lawo-pericentriolarmaterial/Raw-files/PCNT-N1/PCNTab_gTub_20110909/PCNT_gtub_I_005_SIR_PRJ.dv
Dataset:name:PCNT-N1	/uod/idr/incoming/idr0021-lawo-pericentriolarmaterial/Raw-files/PCNT-N1/PCNTab_gTub_20110909/PCNT_gtub_I_007_SIR_PRJ.dv
Dataset:name:PCNT-N1	/uod/idr/incoming/idr0021-lawo-pericentriolarmaterial/Raw-files/PCNT-N1/PCNTab_gTub_20110909/PCNT_gtub_I_010_SIR_PRJ.dv
Dataset:name:PCNT-N1	/uod/idr/incoming/idr0021-lawo-pericentriolarmaterial/Raw-files/PCNT-N1/PCNTab_gTub_20110909/PCNT_gtub_I_011_SIR_PRJ.dv
Dataset:name:PCNT-N1	/uod/idr/incoming/idr0021-lawo-pericentriolarmaterial/Raw-files/PCNT-N1/PCNTab_gTub_20110909/PCNT_gtub_I_015_SIR_PRJ.dv
Dataset:name:PCNT-N1	/uod/idr/incoming/idr0021-lawo-pericentriolarmaterial/Raw-files/PCNT-N1/PCNTab_gTub_20110909/PCNT_gtub_I_017_SIR_PRJ.dv
Dataset:name:PCNT-N1	/uod/idr/incoming/idr0021-lawo-pericentriolarmaterial/Raw-files/PCNT-N1/PCNTab_gTub_20110909/PCNT_gtub_I_018_SIR_PRJ.dv
Dataset:name:PCNT-N1	/uod/idr/incoming/idr0021-lawo-pericentriolarmaterial/Raw-files/PCNT-N1/PCNTab_gTub_20110909/PCNT_gtub_I_019_SIR_PRJ.dv
Dataset:name:PCNT-N1	/uod/idr/incoming/idr0021-lawo-pericentriolarmaterial/Raw-files/PCNT-N1/PCNTab_gTub_20110909/PCNT_gtub_I_020_SIR_PRJ.dv
Dataset:name:PCNT-N1	/uod/idr/incoming/idr0021-lawo-pericentriolarmaterial/Raw-files/PCNT-N1/PCNTab_gTub_20110909/PCNT_gtub_I_023_SIR_PRJ.dv
Dataset:name:PCNT-N1	/uod/idr/incoming/idr0021-lawo-pericentriolarmaterial/Raw-files/PCNT-N1/PCNTab_gTub_20110909/PCNT_gtub_I_024_SIR_PRJ.dv
Dataset:name:PCNT-N1	/uod/idr/incoming/idr0021-lawo-pericentriolarmaterial/Raw-files/PCNT-N1/PCNTab_gTub_20110909/PCNT_gtub_I_025_SIR_PRJ.dv
Dataset:name:PCNT-N1	/uod/idr/incoming/idr0021-lawo-pericentriolarmaterial/Raw-files/PCNT-N1/PCNTab_gTub_20110909/PCNT_gtub_I_031_SIR_PRJ.dv
Dataset:name:PCNT-N1	/uod/idr/incoming/idr0021-lawo-pericentriolarmaterial/Raw-files/PCNT-N1/PCNTab_gTub_20110909/PCNT_gtub_I_032_SIR_PRJ.dv
Dataset:name:PCNT-N1	/uod/idr/incoming/idr0021-lawo-pericentriolarmaterial/Raw-files/PCNT-N1/PCNTab_gTub_20110909/PCNT_gtub_I_035_SIR_PRJ.dv
Dataset:name:PCNT-N1	/uod/idr/incoming/idr0021-lawo-pericentriolarmaterial/Raw-files/PCNT-N1/PCNTab_gTub_20110909/PCNT_gtub_I_039_SIR_PRJ.dv
Dataset:name:PCNT-N1	/uod/idr/incoming/idr0021-lawo-pericentriolarmaterial/Raw-files/PCNT-N1/PCNTab_gTub_20110909/PCNT_gtub_I_041_SIR_PRJ.dv
Dataset:name:PCNT-N1	/uod/idr/incoming/idr0021-lawo-pericentriolarmaterial/Raw-files/PCNT-N1/PCNTab_gTub_20110909/PCNT_gtub_I_042_SIR_PRJ.dv
Dataset:name:PCNT-N1	/uod/idr/incoming/idr0021-lawo-pericentriolarmaterial/Raw-files/PCNT-N1/PCNTab_gTub_20110909/PCNT_gtub_I_044_SIR_PRJ.dv
Dataset:name:PCNT-N1	/uod/idr/incoming/idr0021-lawo-pericentriolarmaterial/Raw-files/PCNT-N1/PCNTab_gTub_20110909/PCNT_gtub_I_047_SIR_PRJ.dv
Dataset:name:PCNT-N1	/uod/idr/incoming/idr0021-lawo-pericentriolarmaterial/Raw-files/PCNT-N1/PCNTab_gTub_20110909/PCNT_gtub_I_050_SIR_PRJ.dv
Dataset:name:PCNT-N1	/uod/idr/incoming/idr0021-lawo-pericentriolarmaterial/Raw-files/PCNT-N1/PCNTab_NEDD1ab_20100507/siCTRL_PCNT_NEDD1_20100507_Fri-1628_0_SIR_PRJ.dv
Dataset:name:PCNT-N1	/uod/idr/incoming/idr0021-lawo-pericentriolarmaterial/Raw-files/PCNT-N1/PCNTab_NEDD1ab_20100507/siCTRL_PCNT_NEDD1_20100507_Fri-1637_0_SIR_PRJ.dv
Dataset:name:PCNT-N1	/uod/idr/incoming/idr0021-lawo-pericentriolarmaterial/Raw-files/PCNT-N1/PCNTab_NEDD1ab_20100507/siCTRL_PCNT_NEDD1_20100507_Fri-1643_0_SIR_PRJ.dv
Dataset:name:PCNT-N1	/uod/idr/incoming/idr0021-lawo-pericentriolarmaterial/Raw-files/PCNT-N1/PCNTab_NEDD1ab_20100507/siCTRL_PCNT_NEDD1_20100507_Fri-1702_0_SIR_PRJ.dv
Dataset:name:PCNT-N1	/uod/idr/incoming/idr0021-lawo-pericentriolarmaterial/Raw-files/PCNT-N1/PCNTab_NEDD1ab_20100507/siCTRL_PCNT_NEDD1_20100507_Fri-1725_0_SIR_PRJ.dv
Dataset:name:PCNT-N1	/uod/idr/incoming/idr0021-lawo-pericentriolarmaterial/Raw-files/PCNT-N1/PCNTab_NEDD1ab_20100507/siCTRL_PCNT_NEDD1_20100507_Fri-1732_0_SIR_PRJ.dv
Dataset:name:PCNT-N1	/uod/idr/incoming/idr0021-lawo-pericentriolarmaterial/Raw-files/PCNT-N1/PCNTab_NEDD1ab_20100507/siCTRL_PCNT_NEDD1_20100507_Fri-1737_0_SIR_PRJ.dv
Dataset:name:PCNT-N1	/uod/idr/incoming/idr0021-lawo-pericentriolarmaterial/Raw-files/PCNT-N1/PCNTab_NEDD1ab_20100507/siCTRL_PCNT_NEDD1_20100507_Fri-1743_0_SIR_PRJ.dv
Dataset:name:PCNT-N1	/uod/idr/incoming/idr0021-lawo-pericentriolarmaterial/Raw-files/PCNT-N1/PCNTab_NEDD1ab_20100507/siCTRL_PCNT_NEDD1_20100507_Fri-1747_0_SIR_PRJ.dv
Dataset:name:PCNT-N1	/uod/idr/incoming/idr0021-lawo-pericentriolarmaterial/Raw-files/PCNT-N1/PCNTab_PCNT-N20_20110617/PCNTab_N20_ctrl_20110617_Fri-1120_0_SIR_PRJ.dv
Dataset:name:PCNT-N1	/uod/idr/incoming/idr0021-lawo-pericentriolarmaterial/Raw-files/PCNT-N1/PCNTab_PCNT-N20_20110617/PCNTab_N20_ctrl_20110617_Fri-1129_0_SIR_PRJ.dv
Dataset:name:PCNT-N1	/uod/idr/incoming/idr0021-lawo-pericentriolarmaterial/Raw-files/PCNT-N1/PCNTab_PCNT-N20_20110617/PCNTab_N20_ctrl_20110617_Fri-1136_0_SIR_PRJ.dv
Dataset:name:PCNT-N1	/uod/idr/incoming/idr0021-lawo-pericentriolarmaterial/Raw-files/PCNT-N1/PCNTab_PCNT-N20_20110617/PCNTab_N20_ctrl_20110617_Fri-1139_0_SIR_PRJ.dv
Dataset:name:PCNT-N1	/uod/idr/incoming/idr0021-lawo-pericentriolarmaterial/Raw-files/PCNT-N1/PCNTab_PCNT-N20_20110617/PCNTab_N20_ctrl_20110617_Fri-1146_0_SIR_PRJ.dv
Dataset:name:PCNT-N1	/uod/idr/incoming/idr0021-lawo-pericentriolarmaterial/Raw-files/PCNT-N1/PCNTab_PCNT-N20_20110617/PCNTab_N20_ctrl_20110617_Fri-1242_0_SIR_PRJ.dv
Dataset:name:PCNT-N1	/uod/idr/incoming/idr0021-lawo-pericentriolarmaterial/Raw-files/PCNT-N1/PCNTab_PCNT-N20_20110617/PCNTab_N20_ctrl_20110617_Fri-1256_0_SIR_PRJ.dv
Dataset:name:PCNT-N1	/uod/idr/incoming/idr0021-lawo-pericentriolarmaterial/Raw-files/PCNT-N1/PCNTab_PCNT-N20_20110617/PCNTab_N20_ctrl_20110617_Fri-1259_0_SIR_PRJ.dv
Dataset:name:PCNT-N1	/uod/idr/incoming/idr0021-lawo-pericentriolarmaterial/Raw-files/PCNT-N1/PCNTab_PCNT-N20_20110617/PCNTab_N20_ctrl_20110617_Fri-1307_0_SIR_PRJ.dv
Dataset:name:PCNT-N1	/uod/idr/incoming/idr0021-lawo-pericentriolarmaterial/Raw-files/PCNT-N1/PCNTab_PCNT-N20_20110617/PCNTab_N20_ctrl_20110617_Fri-1311_0_SIR_PRJ.dv
Dataset:name:PCNT-N1	/uod/idr/incoming/idr0021-lawo-pericentriolarmaterial/Raw-files/PCNT-N1/PCNTab_PCNT-N20_20110617/PCNTab_N20_ctrl_20110617_Fri-1314_0_SIR_PRJ.dv
Dataset:name:PCNT-N1	/uod/idr/incoming/idr0021-lawo-pericentriolarmaterial/Raw-files/PCNT-N1/PCNTab_PCNT-N20_20110617/PCNTab_N20_ctrl_20110617_Fri-1319_0_SIR_PRJ.dv
Dataset:name:PCNT-N1	/uod/idr/incoming/idr0021-lawo-pericentriolarmaterial/Raw-files/PCNT-N1/PCNTab_PCNT-N20_20110617/PCNTab_N20_ctrl_20110617_Fri-1324_0_SIR_PRJ.dv
Dataset:name:TUBG1-N	/uod/idr/incoming/idr0021-lawo-pericentriolarmaterial/Raw-files/TUBG1-N/141NEDD1_gTub_20110823/141_gtub_001_SIR_PRJ.dv
Dataset:name:TUBG1-N	/uod/idr/incoming/idr0021-lawo-pericentriolarmaterial/Raw-files/TUBG1-N/141NEDD1_gTub_20110823/141_gtub_007_SIR_PRJ.dv
Dataset:name:TUBG1-N	/uod/idr/incoming/idr0021-lawo-pericentriolarmaterial/Raw-files/TUBG1-N/141NEDD1_gTub_20110823/141_gtub_008_SIR_PRJ.dv
Dataset:name:TUBG1-N	/uod/idr/incoming/idr0021-lawo-pericentriolarmaterial/Raw-files/TUBG1-N/141NEDD1_gTub_20110823/141_gtub_012_SIR_PRJ.dv
Dataset:name:TUBG1-N	/uod/idr/incoming/idr0021-lawo-pericentriolarmaterial/Raw-files/TUBG1-N/141NEDD1_gTub_20110823/141_gtub_013_SIR_PRJ.dv
Dataset:name:TUBG1-N	/uod/idr/incoming/idr0021-lawo-pericentriolarmaterial/Raw-files/TUBG1-N/141NEDD1_gTub_20110823/141_gtub_014_SIR_PRJ.dv
Dataset:name:TUBG1-N	/uod/idr/incoming/idr0021-lawo-pericentriolarmaterial/Raw-files/TUBG1-N/141NEDD1_gTub_20110823/141_gtub_016_SIR_PRJ.dv
Dataset:name:TUBG1-N	/uod/idr/incoming/idr0021-lawo-pericentriolarmaterial/Raw-files/TUBG1-N/141NEDD1_gTub_20110823/141_gtub_017_SIR_PRJ.dv
Dataset:name:TUBG1-N	/uod/idr/incoming/idr0021-lawo-pericentriolarmaterial/Raw-files/TUBG1-N/141NEDD1_gTub_20110823/141_gtub_018_SIR_PRJ.dv
Dataset:name:TUBG1-N	/uod/idr/incoming/idr0021-lawo-pericentriolarmaterial/Raw-files/TUBG1-N/141NEDD1_gTub_20110823/141_gtub_019_SIR_PRJ.dv
Dataset:name:TUBG1-N	/uod/idr/incoming/idr0021-lawo-pericentriolarmaterial/Raw-files/TUBG1-N/141NEDD1_gTub_20110823/141_gtub_023_SIR_PRJ.dv
Dataset:name:TUBG1-N	/uod/idr/incoming/idr0021-lawo-pericentriolarmaterial/Raw-files/TUBG1-N/141NEDD1_gTub_20110823/141_gtub_024_SIR_PRJ.dv
Dataset:name:TUBG1-N	/uod/idr/incoming/idr0021-lawo-pericentriolarmaterial/Raw-files/TUBG1-N/141NEDD1_gTub_20110823/141_gtub_026_SIR_PRJ.dv
Dataset:name:TUBG1-N	/uod/idr/incoming/idr0021-lawo-pericentriolarmaterial/Raw-files/TUBG1-N/141NEDD1_gTub_20110823/141_gtub_027_SIR_PRJ.dv
Dataset:name:TUBG1-N	/uod/idr/incoming/idr0021-lawo-pericentriolarmaterial/Raw-files/TUBG1-N/141NEDD1_gTub_20110823/141_gtub_028_SIR_PRJ.dv
Dataset:name:TUBG1-N	/uod/idr/incoming/idr0021-lawo-pericentriolarmaterial/Raw-files/TUBG1-N/141NEDD1_gTub_20110823/141_gtub_032_SIR_PRJ.dv
Dataset:name:TUBG1-N	/uod/idr/incoming/idr0021-lawo-pericentriolarmaterial/Raw-files/TUBG1-N/141NEDD1_gTub_20110823/141_gtub_033_SIR_PRJ.dv
Dataset:name:TUBG1-N	/uod/idr/incoming/idr0021-lawo-pericentriolarmaterial/Raw-files/TUBG1-N/gTub_141NEDD1_20110909/gtub_NEDD1141_I_001_SIR_PRJ.dv
Dataset:name:TUBG1-N	/uod/idr/incoming/idr0021-lawo-pericentriolarmaterial/Raw-files/TUBG1-N/gTub_141NEDD1_20110909/gtub_NEDD1141_I_002_SIR_PRJ.dv
Dataset:name:TUBG1-N	/uod/idr/incoming/idr0021-lawo-pericentriolarmaterial/Raw-files/TUBG1-N/gTub_141NEDD1_20110909/gtub_NEDD1141_I_003_SIR_PRJ.dv
Dataset:name:TUBG1-N	/uod/idr/incoming/idr0021-lawo-pericentriolarmaterial/Raw-files/TUBG1-N/gTub_141NEDD1_20110909/gtub_NEDD1141_I_005_SIR_PRJ.dv
Dataset:name:TUBG1-N	/uod/idr/incoming/idr0021-lawo-pericentriolarmaterial/Raw-files/TUBG1-N/gTub_141NEDD1_20110909/gtub_NEDD1141_I_008_SIR_PRJ.dv
Dataset:name:TUBG1-N	/uod/idr/incoming/idr0021-lawo-pericentriolarmaterial/Raw-files/TUBG1-N/gTub_141NEDD1_20110909/gtub_NEDD1141_I_009_SIR_PRJ.dv
Dataset:name:TUBG1-N	/uod/idr/incoming/idr0021-lawo-pericentriolarmaterial/Raw-files/TUBG1-N/gTub_141NEDD1_20110909/gtub_NEDD1141_I_010_SIR_PRJ.dv
Dataset:name:TUBG1-N	/uod/idr/incoming/idr0021-lawo-pericentriolarmaterial/Raw-files/TUBG1-N/gTub_141NEDD1_20110909/gtub_NEDD1141_I_011_SIR_PRJ.dv
Dataset:name:TUBG1-N	/uod/idr/incoming/idr0021-lawo-pericentriolarmaterial/Raw-files/TUBG1-N/gTub_141NEDD1_20110909/gtub_NEDD1141_I_014_SIR_PRJ.dv
Dataset:name:TUBG1-N	/uod/idr/incoming/idr0021-lawo-pericentriolarmaterial/Raw-files/TUBG1-N/gTub_141NEDD1_20110909/gtub_NEDD1141_I_015_SIR_PRJ.dv
Dataset:name:TUBG1-N	/uod/idr/incoming/idr0021-lawo-pericentriolarmaterial/Raw-files/TUBG1-N/gTub_141NEDD1_20110909/gtub_NEDD1141_I_016_SIR_PRJ.dv
Dataset:name:TUBG1-N	/uod/idr/incoming/idr0021-lawo-pericentriolarmaterial/Raw-files/TUBG1-N/gTub_141NEDD1_20110909/gtub_NEDD1141_I_017_SIR_PRJ.dv
Dataset:name:TUBG1-N	/uod/idr/incoming/idr0021-lawo-pericentriolarmaterial/Raw-files/TUBG1-N/gTub_141NEDD1_20110909/gtub_NEDD1141_I_020_SIR_PRJ.dv
Dataset:name:TUBG1-N	/uod/idr/incoming/idr0021-lawo-pericentriolarmaterial/Raw-files/TUBG1-N/gTub_141NEDD1_20110909/gtub_NEDD1141_I_021_SIR_PRJ.dv
Dataset:name:TUBG1-N	/uod/idr/incoming/idr0021-lawo-pericentriolarmaterial/Raw-files/TUBG1-N/gTub_141NEDD1_20110909/gtub_NEDD1141_I_023_SIR_PRJ.dv
Dataset:name:TUBG1-N	/uod/idr/incoming/idr0021-lawo-pericentriolarmaterial/Raw-files/TUBG1-N/gTub_141NEDD1_20110909/gtub_NEDD1141_I_024_SIR_PRJ.dv
Dataset:name:TUBG1-N	/uod/idr/incoming/idr0021-lawo-pericentriolarmaterial/Raw-files/TUBG1-N/gTub_141NEDD1_20110909/gtub_NEDD1141_I_025_SIR_PRJ.dv
Dataset:name:TUBG1-N	/uod/idr/incoming/idr0021-lawo-pericentriolarmaterial/Raw-files/TUBG1-N/gTub_141NEDD1_20110909/gtub_NEDD1141_I_026_SIR_PRJ.dv
Dataset:name:TUBG1-N	/uod/idr/incoming/idr0021-lawo-pericentriolarmaterial/Raw-files/TUBG1-N/gTub_141NEDD1_20110909/gtub_NEDD1141_I_028_SIR_PRJ.dv
Dataset:name:TUBG1-N	/uod/idr/incoming/idr0021-lawo-pericentriolarmaterial/Raw-files/TUBG1-N/gTub_141NEDD1_20110909/gtub_NEDD1141_I_030_SIR_PRJ.dv
Dataset:name:TUBG1-N	/uod/idr/incoming/idr0021-lawo-pericentriolarmaterial/Raw-files/TUBG1-N/gTub_PCNTab_20110909/gtub_PCNT_I_002_SIR_PRJ.dv
Dataset:name:TUBG1-N	/uod/idr/incoming/idr0021-lawo-pericentriolarmaterial/Raw-files/TUBG1-N/gTub_PCNTab_20110909/gtub_PCNT_I_004_SIR_PRJ.dv
Dataset:name:TUBG1-N	/uod/idr/incoming/idr0021-lawo-pericentriolarmaterial/Raw-files/TUBG1-N/gTub_PCNTab_20110909/gtub_PCNT_I_005_SIR_PRJ.dv
Dataset:name:TUBG1-N	/uod/idr/incoming/idr0021-lawo-pericentriolarmaterial/Raw-files/TUBG1-N/gTub_PCNTab_20110909/gtub_PCNT_I_008_SIR_PRJ.dv
Dataset:name:TUBG1-N	/uod/idr/incoming/idr0021-lawo-pericentriolarmaterial/Raw-files/TUBG1-N/gTub_PCNTab_20110909/gtub_PCNT_I_012_SIR_PRJ.dv
Dataset:name:TUBG1-N	/uod/idr/incoming/idr0021-lawo-pericentriolarmaterial/Raw-files/TUBG1-N/gTub_PCNTab_20110909/gtub_PCNT_I_013_SIR_PRJ.dv
Dataset:name:TUBG1-N	/uod/idr/incoming/idr0021-lawo-pericentriolarmaterial/Raw-files/TUBG1-N/gTub_PCNTab_20110909/gtub_PCNT_I_014_SIR_PRJ.dv
Dataset:name:TUBG1-N	/uod/idr/incoming/idr0021-lawo-pericentriolarmaterial/Raw-files/TUBG1-N/gTub_PCNTab_20110909/gtub_PCNT_I_015_SIR_PRJ.dv
Dataset:name:TUBG1-N	/uod/idr/incoming/idr0021-lawo-pericentriolarmaterial/Raw-files/TUBG1-N/gTub_PCNTab_20110909/gtub_PCNT_I_016_SIR_PRJ.dv
Dataset:name:TUBG1-N	/uod/idr/incoming/idr0021-lawo-pericentriolarmaterial/Raw-files/TUBG1-N/gTub_PCNTab_20110909/gtub_PCNT_I_017_SIR_PRJ.dv
Dataset:name:TUBG1-N	/uod/idr/incoming/idr0021-lawo-pericentriolarmaterial/Raw-files/TUBG1-N/gTub_PCNTab_20110909/gtub_PCNT_I_018_SIR_PRJ.dv
Dataset:name:TUBG1-N	/uod/idr/incoming/idr0021-lawo-pericentriolarmaterial/Raw-files/TUBG1-N/gTub_PCNTab_20110909/gtub_PCNT_I_021_SIR_PRJ.dv
Dataset:name:TUBG1-N	/uod/idr/incoming/idr0021-lawo-pericentriolarmaterial/Raw-files/TUBG1-N/gTub_PCNTab_20110909/gtub_PCNT_I_022_SIR_PRJ.dv
Dataset:name:TUBG1-N	/uod/idr/incoming/idr0021-lawo-pericentriolarmaterial/Raw-files/TUBG1-N/gTub_PCNTab_20110909/gtub_PCNT_I_024_SIR_PRJ.dv
Dataset:name:TUBG1-N	/uod/idr/incoming/idr0021-lawo-pericentriolarmaterial/Raw-files/TUBG1-N/gTub_PCNTab_20110909/gtub_PCNT_I_027_SIR_PRJ.dv
Dataset:name:TUBG1-N	/uod/idr/incoming/idr0021-lawo-pericentriolarmaterial/Raw-files/TUBG1-N/gTub_PCNTab_20110909/gtub_PCNT_I_028_SIR_PRJ.dv
Dataset:name:TUBG1-N	/uod/idr/incoming/idr0021-lawo-pericentriolarmaterial/Raw-files/TUBG1-N/gTub_PCNTab_20110909/gtub_PCNT_I_032_SIR_PRJ.dv
Dataset:name:TUBG1-N	/uod/idr/incoming/idr0021-lawo-pericentriolarmaterial/Raw-files/TUBG1-N/gTub_PCNTab_20110909/gtub_PCNT_I_033_SIR_PRJ.dv
Dataset:name:TUBG1-N	/uod/idr/incoming/idr0021-lawo-pericentriolarmaterial/Raw-files/TUBG1-N/gTub_PCNTab_20110909/gtub_PCNT_I_034_SIR_PRJ.dv
Dataset:name:TUBG1-N	/uod/idr/incoming/idr0021-lawo-pericentriolarmaterial/Raw-files/TUBG1-N/gTub_PCNTab_20110909/gtub_PCNT_I_040_SIR_PRJ.dv
Dataset:name:TUBG1-N	/uod/idr/incoming/idr0021-lawo-pericentriolarmaterial/Raw-files/TUBG1-N/PCNTab_gTub_20110909/PCNT_gtub_I_003_SIR_PRJ.dv
Dataset:name:TUBG1-N	/uod/idr/incoming/idr0021-lawo-pericentriolarmaterial/Raw-files/TUBG1-N/PCNTab_gTub_20110909/PCNT_gtub_I_004_SIR_PRJ.dv
Dataset:name:TUBG1-N	/uod/idr/incoming/idr0021-lawo-pericentriolarmaterial/Raw-files/TUBG1-N/PCNTab_gTub_20110909/PCNT_gtub_I_005_SIR_PRJ.dv
Dataset:name:TUBG1-N	/uod/idr/incoming/idr0021-lawo-pericentriolarmaterial/Raw-files/TUBG1-N/PCNTab_gTub_20110909/PCNT_gtub_I_007_SIR_PRJ.dv
Dataset:name:TUBG1-N	/uod/idr/incoming/idr0021-lawo-pericentriolarmaterial/Raw-files/TUBG1-N/PCNTab_gTub_20110909/PCNT_gtub_I_010_SIR_PRJ.dv
Dataset:name:TUBG1-N	/uod/idr/incoming/idr0021-lawo-pericentriolarmaterial/Raw-files/TUBG1-N/PCNTab_gTub_20110909/PCNT_gtub_I_011_SIR_PRJ.dv
Dataset:name:TUBG1-N	/uod/idr/incoming/idr0021-lawo-pericentriolarmaterial/Raw-files/TUBG1-N/PCNTab_gTub_20110909/PCNT_gtub_I_015_SIR_PRJ.dv
Dataset:name:TUBG1-N	/uod/idr/incoming/idr0021-lawo-pericentriolarmaterial/Raw-files/TUBG1-N/PCNTab_gTub_20110909/PCNT_gtub_I_017_SIR_PRJ.dv
Dataset:name:TUBG1-N	/uod/idr/incoming/idr0021-lawo-pericentriolarmaterial/Raw-files/TUBG1-N/PCNTab_gTub_20110909/PCNT_gtub_I_018_SIR_PRJ.dv
Dataset:name:TUBG1-N	/uod/idr/incoming/idr0021-lawo-pericentriolarmaterial/Raw-files/TUBG1-N/PCNTab_gTub_20110909/PCNT_gtub_I_019_SIR_PRJ.dv
Dataset:name:TUBG1-N	/uod/idr/incoming/idr0021-lawo-pericentriolarmaterial/Raw-files/TUBG1-N/PCNTab_gTub_20110909/PCNT_gtub_I_020_SIR_PRJ.dv
Dataset:name:TUBG1-N	/uod/idr/incoming/idr0021-lawo-pericentriolarmaterial/Raw-files/TUBG1-N/PCNTab_gTub_20110909/PCNT_gtub_I_023_SIR_PRJ.dv
Dataset:name:TUBG1-N	/uod/idr/incoming/idr0021-lawo-pericentriolarmaterial/Raw-files/TUBG1-N/PCNTab_gTub_20110909/PCNT_gtub_I_024_SIR_PRJ.dv
Dataset:name:TUBG1-N	/uod/idr/incoming/idr0021-lawo-pericentriolarmaterial/Raw-files/TUBG1-N/PCNTab_gTub_20110909/PCNT_gtub_I_025_SIR_PRJ.dv
Dataset:name:TUBG1-N	/uod/idr/incoming/idr0021-lawo-pericentriolarmaterial/Raw-files/TUBG1-N/PCNTab_gTub_20110909/PCNT_gtub_I_031_SIR_PRJ.dv
Dataset:name:TUBG1-N	/uod/idr/incoming/idr0021-lawo-pericentriolarmaterial/Raw-files/TUBG1-N/PCNTab_gTub_20110909/PCNT_gtub_I_032_SIR_PRJ.dv
Dataset:name:TUBG1-N	/uod/idr/incoming/idr0021-lawo-pericentriolarmaterial/Raw-files/TUBG1-N/PCNTab_gTub_20110909/PCNT_gtub_I_035_SIR_PRJ.dv
Dataset:name:TUBG1-N	/uod/idr/incoming/idr0021-lawo-pericentriolarmaterial/Raw-files/TUBG1-N/PCNTab_gTub_20110909/PCNT_gtub_I_039_SIR_PRJ.dv
Dataset:name:TUBG1-N	/uod/idr/incoming/idr0021-lawo-pericentriolarmaterial/Raw-files/TUBG1-N/PCNTab_gTub_20110909/PCNT_gtub_I_041_SIR_PRJ.dv
Dataset:name:TUBG1-N	/uod/idr/incoming/idr0021-lawo-pericentriolarmaterial/Raw-files/TUBG1-N/PCNTab_gTub_20110909/PCNT_gtub_I_042_SIR_PRJ.dv
Dataset:name:TUBG1-N	/uod/idr/incoming/idr0021-lawo-pericentriolarmaterial/Raw-files/TUBG1-N/PCNTab_gTub_20110909/PCNT_gtub_I_044_SIR_PRJ.dv
Dataset:name:TUBG1-N	/uod/idr/incoming/idr0021-lawo-pericentriolarmaterial/Raw-files/TUBG1-N/PCNTab_gTub_20110909/PCNT_gtub_I_047_SIR_PRJ.dv
Dataset:name:TUBG1-N	/uod/idr/incoming/idr0021-lawo-pericentriolarmaterial/Raw-files/TUBG1-N/PCNTab_gTub_20110909/PCNT_gtub_I_050_SIR_PRJ.dv
