0305-01--2007-04-03	/uod/idr/filesets/idr0009-simpson-secretion/20150507-VSVG/VSVG/0305-01--2007-04-03
0305-02--2007-04-05	/uod/idr/filesets/idr0009-simpson-secretion/20150507-VSVG/VSVG/0305-02--2007-04-05
0305-04--2007-04-14	/uod/idr/filesets/idr0009-simpson-secretion/20150507-VSVG/VSVG/0305-04--2007-04-14
0305-05--2007-04-04	/uod/idr/filesets/idr0009-simpson-secretion/20150507-VSVG/VSVG/0305-05--2007-04-04
0305-06--2007-05-30	/uod/idr/filesets/idr0009-simpson-secretion/20150507-VSVG/VSVG/0305-06--2007-05-30
0305-08--2007-04-15	/uod/idr/filesets/idr0009-simpson-secretion/20150507-VSVG/VSVG/0305-08--2007-04-15
0305-09--2007-04-08	/uod/idr/filesets/idr0009-simpson-secretion/20150507-VSVG/VSVG/0305-09--2007-04-08
0305-10--2007-04-10	/uod/idr/filesets/idr0009-simpson-secretion/20150507-VSVG/VSVG/0305-10--2007-04-10
0305-14--2007-05-31	/uod/idr/filesets/idr0009-simpson-secretion/20150507-VSVG/VSVG/0305-14--2007-05-31
0305-15--2007-06-01	/uod/idr/filesets/idr0009-simpson-secretion/20150507-VSVG/VSVG/0305-15--2007-06-01
0306-01--2007-04-03	/uod/idr/filesets/idr0009-simpson-secretion/20150507-VSVG/VSVG/0306-01--2007-04-03
0306-02--2007-04-05	/uod/idr/filesets/idr0009-simpson-secretion/20150507-VSVG/VSVG/0306-02--2007-04-05
0306-04--2007-04-14	/uod/idr/filesets/idr0009-simpson-secretion/20150507-VSVG/VSVG/0306-04--2007-04-14
0306-05--2007-04-04	/uod/idr/filesets/idr0009-simpson-secretion/20150507-VSVG/VSVG/0306-05--2007-04-04
0306-08--2007-04-15	/uod/idr/filesets/idr0009-simpson-secretion/20150507-VSVG/VSVG/0306-08--2007-04-15
0306-09--2007-04-08	/uod/idr/filesets/idr0009-simpson-secretion/20150507-VSVG/VSVG/0306-09--2007-04-08
0306-10--2007-04-10	/uod/idr/filesets/idr0009-simpson-secretion/20150507-VSVG/VSVG/0306-10--2007-04-10
0306-11--2007-05-30	/uod/idr/filesets/idr0009-simpson-secretion/20150507-VSVG/VSVG/0306-11--2007-05-30
0306-12--2007-05-31	/uod/idr/filesets/idr0009-simpson-secretion/20150507-VSVG/VSVG/0306-12--2007-05-31
0306-13--2007-06-01	/uod/idr/filesets/idr0009-simpson-secretion/20150507-VSVG/VSVG/0306-13--2007-06-01
0307-01--2007-04-03	/uod/idr/filesets/idr0009-simpson-secretion/20150507-VSVG/VSVG/0307-01--2007-04-03
0307-02--2007-04-04	/uod/idr/filesets/idr0009-simpson-secretion/20150507-VSVG/VSVG/0307-02--2007-04-04
0307-03--2007-04-04	/uod/idr/filesets/idr0009-simpson-secretion/20150507-VSVG/VSVG/0307-03--2007-04-04
0307-04--2007-04-14	/uod/idr/filesets/idr0009-simpson-secretion/20150507-VSVG/VSVG/0307-04--2007-04-14
0307-05--2007-04-15	/uod/idr/filesets/idr0009-simpson-secretion/20150507-VSVG/VSVG/0307-05--2007-04-15
0307-07--2007-04-08	/uod/idr/filesets/idr0009-simpson-secretion/20150507-VSVG/VSVG/0307-07--2007-04-08
0307-09--2007-04-16	/uod/idr/filesets/idr0009-simpson-secretion/20150507-VSVG/VSVG/0307-09--2007-04-16
0307-10--2007-05-30	/uod/idr/filesets/idr0009-simpson-secretion/20150507-VSVG/VSVG/0307-10--2007-05-30
0307-11--2007-05-31	/uod/idr/filesets/idr0009-simpson-secretion/20150507-VSVG/VSVG/0307-11--2007-05-31
0307-12--2007-06-03	/uod/idr/filesets/idr0009-simpson-secretion/20150507-VSVG/VSVG/0307-12--2007-06-03
0308-01--2007-04-03	/uod/idr/filesets/idr0009-simpson-secretion/20150507-VSVG/VSVG/0308-01--2007-04-03
0308-02--2007-04-04	/uod/idr/filesets/idr0009-simpson-secretion/20150507-VSVG/VSVG/0308-02--2007-04-04
0308-03--2007-04-04	/uod/idr/filesets/idr0009-simpson-secretion/20150507-VSVG/VSVG/0308-03--2007-04-04
0308-04--2007-04-14	/uod/idr/filesets/idr0009-simpson-secretion/20150507-VSVG/VSVG/0308-04--2007-04-14
0308-05--2007-04-15	/uod/idr/filesets/idr0009-simpson-secretion/20150507-VSVG/VSVG/0308-05--2007-04-15
0308-07--2007-04-08	/uod/idr/filesets/idr0009-simpson-secretion/20150507-VSVG/VSVG/0308-07--2007-04-08
0308-09--2007-04-16	/uod/idr/filesets/idr0009-simpson-secretion/20150507-VSVG/VSVG/0308-09--2007-04-16
0308-10--2007-05-30	/uod/idr/filesets/idr0009-simpson-secretion/20150507-VSVG/VSVG/0308-10--2007-05-30
0308-11--2007-05-31	/uod/idr/filesets/idr0009-simpson-secretion/20150507-VSVG/VSVG/0308-11--2007-05-31
0308-12--2007-06-03	/uod/idr/filesets/idr0009-simpson-secretion/20150507-VSVG/VSVG/0308-12--2007-06-03
0309-01--2007-04-03	/uod/idr/filesets/idr0009-simpson-secretion/20150507-VSVG/VSVG/0309-01--2007-04-03
0309-02--2007-04-04	/uod/idr/filesets/idr0009-simpson-secretion/20150507-VSVG/VSVG/0309-02--2007-04-04
0309-03--2007-04-03	/uod/idr/filesets/idr0009-simpson-secretion/20150507-VSVG/VSVG/0309-03--2007-04-03
0309-04--2007-04-15	/uod/idr/filesets/idr0009-simpson-secretion/20150507-VSVG/VSVG/0309-04--2007-04-15
0309-05--2007-04-15	/uod/idr/filesets/idr0009-simpson-secretion/20150507-VSVG/VSVG/0309-05--2007-04-15
0309-07--2007-04-08	/uod/idr/filesets/idr0009-simpson-secretion/20150507-VSVG/VSVG/0309-07--2007-04-08
0309-08--2007-04-09	/uod/idr/filesets/idr0009-simpson-secretion/20150507-VSVG/VSVG/0309-08--2007-04-09
0309-09--2007-05-31	/uod/idr/filesets/idr0009-simpson-secretion/20150507-VSVG/VSVG/0309-09--2007-05-31
0309-10--2007-05-31	/uod/idr/filesets/idr0009-simpson-secretion/20150507-VSVG/VSVG/0309-10--2007-05-31
0309-11--2007-06-03	/uod/idr/filesets/idr0009-simpson-secretion/20150507-VSVG/VSVG/0309-11--2007-06-03
0310-01--2007-04-03	/uod/idr/filesets/idr0009-simpson-secretion/20150507-VSVG/VSVG/0310-01--2007-04-03
0310-02--2007-04-04	/uod/idr/filesets/idr0009-simpson-secretion/20150507-VSVG/VSVG/0310-02--2007-04-04
0310-03--2007-04-03	/uod/idr/filesets/idr0009-simpson-secretion/20150507-VSVG/VSVG/0310-03--2007-04-03
0310-05--2007-04-15	/uod/idr/filesets/idr0009-simpson-secretion/20150507-VSVG/VSVG/0310-05--2007-04-15
0310-07--2007-04-08	/uod/idr/filesets/idr0009-simpson-secretion/20150507-VSVG/VSVG/0310-07--2007-04-08
0310-08--2007-04-09	/uod/idr/filesets/idr0009-simpson-secretion/20150507-VSVG/VSVG/0310-08--2007-04-09
0310-15--2007-05-31	/uod/idr/filesets/idr0009-simpson-secretion/20150507-VSVG/VSVG/0310-15--2007-05-31
0310-16--2007-06-01	/uod/idr/filesets/idr0009-simpson-secretion/20150507-VSVG/VSVG/0310-16--2007-06-01
0310-19--2007-06-03	/uod/idr/filesets/idr0009-simpson-secretion/20150507-VSVG/VSVG/0310-19--2007-06-03
0311-01--2007-04-10	/uod/idr/filesets/idr0009-simpson-secretion/20150507-VSVG/VSVG/0311-01--2007-04-10
0311-02--2007-04-10	/uod/idr/filesets/idr0009-simpson-secretion/20150507-VSVG/VSVG/0311-02--2007-04-10
0311-03--2007-04-08	/uod/idr/filesets/idr0009-simpson-secretion/20150507-VSVG/VSVG/0311-03--2007-04-08
0311-04--2007-04-09	/uod/idr/filesets/idr0009-simpson-secretion/20150507-VSVG/VSVG/0311-04--2007-04-09
0311-05--2007-04-08	/uod/idr/filesets/idr0009-simpson-secretion/20150507-VSVG/VSVG/0311-05--2007-04-08
0311-06--2007-04-09	/uod/idr/filesets/idr0009-simpson-secretion/20150507-VSVG/VSVG/0311-06--2007-04-09
0311-07--2007-04-15	/uod/idr/filesets/idr0009-simpson-secretion/20150507-VSVG/VSVG/0311-07--2007-04-15
0311-08--2007-04-16	/uod/idr/filesets/idr0009-simpson-secretion/20150507-VSVG/VSVG/0311-08--2007-04-16
0311-09--2007-05-31	/uod/idr/filesets/idr0009-simpson-secretion/20150507-VSVG/VSVG/0311-09--2007-05-31
0311-11--2007-06-01	/uod/idr/filesets/idr0009-simpson-secretion/20150507-VSVG/VSVG/0311-11--2007-06-01
0311-12--2007-06-03	/uod/idr/filesets/idr0009-simpson-secretion/20150507-VSVG/VSVG/0311-12--2007-06-03
