JL_120731_S6A	/uod/idr/filesets/idr0001-graml-sysgro/20151116-verified/JL_120731_S6A
JL_120731_S6B	/uod/idr/filesets/idr0001-graml-sysgro/20151116-verified/JL_120731_S6B
JL_120801_S7A	/uod/idr/filesets/idr0001-graml-sysgro/20151116-verified/JL_120801_S7A
JL_120801_S7B	/uod/idr/filesets/idr0001-graml-sysgro/20151116-verified/JL_120801_S7B
JL_120802_S8A	/uod/idr/filesets/idr0001-graml-sysgro/20151116-verified/JL_120802_S8A
JL_120802_S8B	/uod/idr/filesets/idr0001-graml-sysgro/20151116-verified/JL_120802_S8B
JL_120803_S9A	/uod/idr/filesets/idr0001-graml-sysgro/20151116-verified/JL_120803_S9A
JL_120803_S9B	/uod/idr/filesets/idr0001-graml-sysgro/20151116-verified/JL_120803_S9B
JL_120804_S10A	/uod/idr/filesets/idr0001-graml-sysgro/20151116-verified/JL_120804_S10A
JL_120804_S10B	/uod/idr/filesets/idr0001-graml-sysgro/20151116-verified/JL_120804_S10B
JL_120806_S11A	/uod/idr/filesets/idr0001-graml-sysgro/20151116-verified/JL_120806_S11A
JL_120806_S11B	/uod/idr/filesets/idr0001-graml-sysgro/20151116-verified/JL_120806_S11B
JL_120807_S12A	/uod/idr/filesets/idr0001-graml-sysgro/20151116-verified/JL_120807_S12A
JL_120807_S12B	/uod/idr/filesets/idr0001-graml-sysgro/20151116-verified/JL_120807_S12B
JL_120808_S13A	/uod/idr/filesets/idr0001-graml-sysgro/20151116-verified/JL_120808_S13A
JL_120808_S13B	/uod/idr/filesets/idr0001-graml-sysgro/20151116-verified/JL_120808_S13B
JL_120809_S14A	/uod/idr/filesets/idr0001-graml-sysgro/20151116-verified/JL_120809_S14A
JL_120809_S14B	/uod/idr/filesets/idr0001-graml-sysgro/20151116-verified/JL_120809_S14B
JL_120810_S15A	/uod/idr/filesets/idr0001-graml-sysgro/20151116-verified/JL_120810_S15A
JL_120810_S15B	/uod/idr/filesets/idr0001-graml-sysgro/20151116-verified/JL_120810_S15B
JL_120813_S16A	/uod/idr/filesets/idr0001-graml-sysgro/20151116-verified/JL_120813_S16A
JL_120813_S16B	/uod/idr/filesets/idr0001-graml-sysgro/20151116-verified/JL_120813_S16B
JL_120814_S17A	/uod/idr/filesets/idr0001-graml-sysgro/20151116-verified/JL_120814_S17A
JL_120814_S17B	/uod/idr/filesets/idr0001-graml-sysgro/20151116-verified/JL_120814_S17B
JL_120815_S18A	/uod/idr/filesets/idr0001-graml-sysgro/20151116-verified/JL_120815_S18A
JL_120816_S19A	/uod/idr/filesets/idr0001-graml-sysgro/20151116-verified/JL_120816_S19A
JL_120816_S19B	/uod/idr/filesets/idr0001-graml-sysgro/20151116-verified/JL_120816_S19B
JL_120817_S20A	/uod/idr/filesets/idr0001-graml-sysgro/20151116-verified/JL_120817_S20A
JL_120817_S20B	/uod/idr/filesets/idr0001-graml-sysgro/20151116-verified/JL_120817_S20B
JL_120820_S21A	/uod/idr/filesets/idr0001-graml-sysgro/20151116-verified/JL_120820_S21A
JL_120821_S22A	/uod/idr/filesets/idr0001-graml-sysgro/20151116-verified/JL_120821_S22A
JL_120821_S22B	/uod/idr/filesets/idr0001-graml-sysgro/20151116-verified/JL_120821_S22B
JL_120822_S23A	/uod/idr/filesets/idr0001-graml-sysgro/20151116-verified/JL_120822_S23A
JL_120822_S23B	/uod/idr/filesets/idr0001-graml-sysgro/20151116-verified/JL_120822_S23B
JL_120823_S24B	/uod/idr/filesets/idr0001-graml-sysgro/20151116-verified/JL_120823_S24B
JL_120824_S25A	/uod/idr/filesets/idr0001-graml-sysgro/20151116-verified/JL_120824_S25A
JL_120824_S25B	/uod/idr/filesets/idr0001-graml-sysgro/20151116-verified/JL_120824_S25B
JL_120827_S26A	/uod/idr/filesets/idr0001-graml-sysgro/20151116-verified/JL_120827_S26A
JL_120827_S26B	/uod/idr/filesets/idr0001-graml-sysgro/20151116-verified/JL_120827_S26B
JL_120828_S27A	/uod/idr/filesets/idr0001-graml-sysgro/20151116-verified/JL_120828_S27A
JL_120828_S27B	/uod/idr/filesets/idr0001-graml-sysgro/20151116-verified/JL_120828_S27B
JL_120829_S28A	/uod/idr/filesets/idr0001-graml-sysgro/20151116-verified/JL_120829_S28A
JL_120829_S28B	/uod/idr/filesets/idr0001-graml-sysgro/20151116-verified/JL_120829_S28B
JL_120830_S29A	/uod/idr/filesets/idr0001-graml-sysgro/20151116-verified/JL_120830_S29A
JL_120830_S29B	/uod/idr/filesets/idr0001-graml-sysgro/20151116-verified/JL_120830_S29B
JL_120831_S30A	/uod/idr/filesets/idr0001-graml-sysgro/20151116-verified/JL_120831_S30A
JL_120831_S30B	/uod/idr/filesets/idr0001-graml-sysgro/20151116-verified/JL_120831_S30B
JL_120901_S18B	/uod/idr/filesets/idr0001-graml-sysgro/20151116-verified/JL_120901_S18B
JL_120901_S21B	/uod/idr/filesets/idr0001-graml-sysgro/20151116-verified/JL_120901_S21B
JL_120901_WTd	/uod/idr/filesets/idr0001-graml-sysgro/20151116-verified/JL_120901_WTd
JL_120902_S24A	/uod/idr/filesets/idr0001-graml-sysgro/20151116-verified/JL_120902_S24A
JL_120902_WTu	/uod/idr/filesets/idr0001-graml-sysgro/20151116-verified/JL_120902_WTu
JL_120903_S31B	/uod/idr/filesets/idr0001-graml-sysgro/20151116-verified/JL_120903_S31B
JL_120904_S32A	/uod/idr/filesets/idr0001-graml-sysgro/20151116-verified/JL_120904_S32A
JL_120905_S33A	/uod/idr/filesets/idr0001-graml-sysgro/20151116-verified/JL_120905_S33A
JL_120906_S1A	/uod/idr/filesets/idr0001-graml-sysgro/20151116-verified/JL_120906_S1A
JL_120906_S1B	/uod/idr/filesets/idr0001-graml-sysgro/20151116-verified/JL_120906_S1B
JL_120907_S2A	/uod/idr/filesets/idr0001-graml-sysgro/20151116-verified/JL_120907_S2A
JL_120907_S2B	/uod/idr/filesets/idr0001-graml-sysgro/20151116-verified/JL_120907_S2B
JL_120908_S31A	/uod/idr/filesets/idr0001-graml-sysgro/20151116-verified/JL_120908_S31A
JL_120909_S33B	/uod/idr/filesets/idr0001-graml-sysgro/20151116-verified/JL_120909_S33B
JL_120910_S3A	/uod/idr/filesets/idr0001-graml-sysgro/20151116-verified/JL_120910_S3A
JL_120910_S3B	/uod/idr/filesets/idr0001-graml-sysgro/20151116-verified/JL_120910_S3B
JL_120911_S4A	/uod/idr/filesets/idr0001-graml-sysgro/20151116-verified/JL_120911_S4A
JL_120911_S4B	/uod/idr/filesets/idr0001-graml-sysgro/20151116-verified/JL_120911_S4B
JL_120912_S5A	/uod/idr/filesets/idr0001-graml-sysgro/20151116-verified/JL_120912_S5A
JL_120912_S5B	/uod/idr/filesets/idr0001-graml-sysgro/20151116-verified/JL_120912_S5B
JL_121214_J1_1	/uod/idr/filesets/idr0001-graml-sysgro/20151116-verified/JL_121214_J1_1
JL_121214_J1_2	/uod/idr/filesets/idr0001-graml-sysgro/20151116-verified/JL_121214_J1_2
JL_121214_J2_1	/uod/idr/filesets/idr0001-graml-sysgro/20151116-verified/JL_121214_J2_1
JL_121214_J2_2	/uod/idr/filesets/idr0001-graml-sysgro/20151116-verified/JL_121214_J2_2
JL_121215_J3_1	/uod/idr/filesets/idr0001-graml-sysgro/20151116-verified/JL_121215_J3_1
JL_121215_J3_2	/uod/idr/filesets/idr0001-graml-sysgro/20151116-verified/JL_121215_J3_2
JL_121215_J4_1	/uod/idr/filesets/idr0001-graml-sysgro/20151116-verified/JL_121215_J4_1
JL_121215_J4_2	/uod/idr/filesets/idr0001-graml-sysgro/20151116-verified/JL_121215_J4_2
JL_121216_J5_1	/uod/idr/filesets/idr0001-graml-sysgro/20151116-verified/JL_121216_J5_1
JL_121216_J5_2	/uod/idr/filesets/idr0001-graml-sysgro/20151116-verified/JL_121216_J5_2
JL_121216_J6_1	/uod/idr/filesets/idr0001-graml-sysgro/20151116-verified/JL_121216_J6_1
JL_121216_J6_2	/uod/idr/filesets/idr0001-graml-sysgro/20151116-verified/JL_121216_J6_2
JL_121217_J7_1	/uod/idr/filesets/idr0001-graml-sysgro/20151116-verified/JL_121217_J7_1
JL_121217_J7_2	/uod/idr/filesets/idr0001-graml-sysgro/20151116-verified/JL_121217_J7_2
JL_121217_J8_1	/uod/idr/filesets/idr0001-graml-sysgro/20151116-verified/JL_121217_J8_1
JL_121217_J8_2	/uod/idr/filesets/idr0001-graml-sysgro/20151116-verified/JL_121217_J8_2
JL_121218_J1_3	/uod/idr/filesets/idr0001-graml-sysgro/20151116-verified/JL_121218_J1_3
JL_121218_J1_4	/uod/idr/filesets/idr0001-graml-sysgro/20151116-verified/JL_121218_J1_4
JL_121218_J2_3	/uod/idr/filesets/idr0001-graml-sysgro/20151116-verified/JL_121218_J2_3
JL_121218_J2_4	/uod/idr/filesets/idr0001-graml-sysgro/20151116-verified/JL_121218_J2_4
JL_121219_J3_3	/uod/idr/filesets/idr0001-graml-sysgro/20151116-verified/JL_121219_J3_3
JL_121219_J3_4	/uod/idr/filesets/idr0001-graml-sysgro/20151116-verified/JL_121219_J3_4
JL_121219_J4_3	/uod/idr/filesets/idr0001-graml-sysgro/20151116-verified/JL_121219_J4_3
JL_121219_J4_4	/uod/idr/filesets/idr0001-graml-sysgro/20151116-verified/JL_121219_J4_4
JL_121220_J5_3	/uod/idr/filesets/idr0001-graml-sysgro/20151116-verified/JL_121220_J5_3
JL_121220_J5_4	/uod/idr/filesets/idr0001-graml-sysgro/20151116-verified/JL_121220_J5_4
JL_121220_J6_3	/uod/idr/filesets/idr0001-graml-sysgro/20151116-verified/JL_121220_J6_3
JL_121220_J6_4	/uod/idr/filesets/idr0001-graml-sysgro/20151116-verified/JL_121220_J6_4
JL_121220_J7_3	/uod/idr/filesets/idr0001-graml-sysgro/20151116-verified/JL_121220_J7_3
JL_121220_J7_4	/uod/idr/filesets/idr0001-graml-sysgro/20151116-verified/JL_121220_J7_4
JL_121221_J8_3	/uod/idr/filesets/idr0001-graml-sysgro/20151116-verified/JL_121221_J8_3
JL_121221_J8_4	/uod/idr/filesets/idr0001-graml-sysgro/20151116-verified/JL_121221_J8_4
JL_130114_J1_5	/uod/idr/filesets/idr0001-graml-sysgro/20151116-verified/JL_130114_J1_5
JL_130114_J1_6	/uod/idr/filesets/idr0001-graml-sysgro/20151116-verified/JL_130114_J1_6
JL_130114_J2_5	/uod/idr/filesets/idr0001-graml-sysgro/20151116-verified/JL_130114_J2_5
JL_130114_J2_6	/uod/idr/filesets/idr0001-graml-sysgro/20151116-verified/JL_130114_J2_6
JL_130115_J3_5	/uod/idr/filesets/idr0001-graml-sysgro/20151116-verified/JL_130115_J3_5
JL_130115_J3_6	/uod/idr/filesets/idr0001-graml-sysgro/20151116-verified/JL_130115_J3_6
JL_130115_J4_5	/uod/idr/filesets/idr0001-graml-sysgro/20151116-verified/JL_130115_J4_5
JL_130115_J4_6	/uod/idr/filesets/idr0001-graml-sysgro/20151116-verified/JL_130115_J4_6
JL_130116_J5_5	/uod/idr/filesets/idr0001-graml-sysgro/20151116-verified/JL_130116_J5_5
JL_130116_J5_6	/uod/idr/filesets/idr0001-graml-sysgro/20151116-verified/JL_130116_J5_6
JL_130116_J6_5	/uod/idr/filesets/idr0001-graml-sysgro/20151116-verified/JL_130116_J6_5
JL_130116_J6_6	/uod/idr/filesets/idr0001-graml-sysgro/20151116-verified/JL_130116_J6_6
JL_130117_J7_5	/uod/idr/filesets/idr0001-graml-sysgro/20151116-verified/JL_130117_J7_5
JL_130117_J7_6	/uod/idr/filesets/idr0001-graml-sysgro/20151116-verified/JL_130117_J7_6
JL_130117_J8_5	/uod/idr/filesets/idr0001-graml-sysgro/20151116-verified/JL_130117_J8_5
JL_130117_J8_6	/uod/idr/filesets/idr0001-graml-sysgro/20151116-verified/JL_130117_J8_6
JL_130118_J1_7	/uod/idr/filesets/idr0001-graml-sysgro/20151116-verified/JL_130118_J1_7
JL_130118_J1_8	/uod/idr/filesets/idr0001-graml-sysgro/20151116-verified/JL_130118_J1_8
JL_130118_J2_7	/uod/idr/filesets/idr0001-graml-sysgro/20151116-verified/JL_130118_J2_7
JL_130118_J2_8	/uod/idr/filesets/idr0001-graml-sysgro/20151116-verified/JL_130118_J2_8
JL_130119_J3_7	/uod/idr/filesets/idr0001-graml-sysgro/20151116-verified/JL_130119_J3_7
JL_130119_J3_8	/uod/idr/filesets/idr0001-graml-sysgro/20151116-verified/JL_130119_J3_8
JL_130119_J4_7	/uod/idr/filesets/idr0001-graml-sysgro/20151116-verified/JL_130119_J4_7
JL_130119_J4_8	/uod/idr/filesets/idr0001-graml-sysgro/20151116-verified/JL_130119_J4_8
JL_130120_J5_7	/uod/idr/filesets/idr0001-graml-sysgro/20151116-verified/JL_130120_J5_7
JL_130120_J5_8	/uod/idr/filesets/idr0001-graml-sysgro/20151116-verified/JL_130120_J5_8
JL_130120_J6_7	/uod/idr/filesets/idr0001-graml-sysgro/20151116-verified/JL_130120_J6_7
JL_130120_J6_8	/uod/idr/filesets/idr0001-graml-sysgro/20151116-verified/JL_130120_J6_8
JL_130121_J7_7	/uod/idr/filesets/idr0001-graml-sysgro/20151116-verified/JL_130121_J7_7
JL_130121_J7_8	/uod/idr/filesets/idr0001-graml-sysgro/20151116-verified/JL_130121_J7_8
JL_130121_J8_7	/uod/idr/filesets/idr0001-graml-sysgro/20151116-verified/JL_130121_J8_7
JL_130121_J8_8	/uod/idr/filesets/idr0001-graml-sysgro/20151116-verified/JL_130121_J8_8
JL_130122_J10_1	/uod/idr/filesets/idr0001-graml-sysgro/20151116-verified/JL_130122_J10_1
JL_130122_J10_2	/uod/idr/filesets/idr0001-graml-sysgro/20151116-verified/JL_130122_J10_2
JL_130122_J9_1	/uod/idr/filesets/idr0001-graml-sysgro/20151116-verified/JL_130122_J9_1
JL_130122_J9_2	/uod/idr/filesets/idr0001-graml-sysgro/20151116-verified/JL_130122_J9_2
JL_130126_J10_3	/uod/idr/filesets/idr0001-graml-sysgro/20151116-verified/JL_130126_J10_3
JL_130126_J10_4	/uod/idr/filesets/idr0001-graml-sysgro/20151116-verified/JL_130126_J10_4
JL_130126_J9_3	/uod/idr/filesets/idr0001-graml-sysgro/20151116-verified/JL_130126_J9_3
JL_130126_J9_4	/uod/idr/filesets/idr0001-graml-sysgro/20151116-verified/JL_130126_J9_4
JL_130127_J10_5	/uod/idr/filesets/idr0001-graml-sysgro/20151116-verified/JL_130127_J10_5
JL_130127_J10_6	/uod/idr/filesets/idr0001-graml-sysgro/20151116-verified/JL_130127_J10_6
JL_130127_J9_5	/uod/idr/filesets/idr0001-graml-sysgro/20151116-verified/JL_130127_J9_5
JL_130127_J9_6	/uod/idr/filesets/idr0001-graml-sysgro/20151116-verified/JL_130127_J9_6
JL_130128_J10_7	/uod/idr/filesets/idr0001-graml-sysgro/20151116-verified/JL_130128_J10_7
JL_130128_J10_8	/uod/idr/filesets/idr0001-graml-sysgro/20151116-verified/JL_130128_J10_8
JL_130128_J9_7	/uod/idr/filesets/idr0001-graml-sysgro/20151116-verified/JL_130128_J9_7
JL_130128_J9_8	/uod/idr/filesets/idr0001-graml-sysgro/20151116-verified/JL_130128_J9_8
JL_130304_R1_1	/uod/idr/filesets/idr0001-graml-sysgro/20151116-verified/JL_130304_R1_1
JL_130304_R1_2	/uod/idr/filesets/idr0001-graml-sysgro/20151116-verified/JL_130304_R1_2
JL_130304_R1_3	/uod/idr/filesets/idr0001-graml-sysgro/20151116-verified/JL_130304_R1_3
JL_130304_R1_4	/uod/idr/filesets/idr0001-graml-sysgro/20151116-verified/JL_130304_R1_4
JL_130305_R1_5	/uod/idr/filesets/idr0001-graml-sysgro/20151116-verified/JL_130305_R1_5
JL_130305_R1_7	/uod/idr/filesets/idr0001-graml-sysgro/20151116-verified/JL_130305_R1_7
JL_130305_R1_8	/uod/idr/filesets/idr0001-graml-sysgro/20151116-verified/JL_130305_R1_8
JL_130309_J11_1	/uod/idr/filesets/idr0001-graml-sysgro/20151116-verified/JL_130309_J11_1
JL_130309_J11_2	/uod/idr/filesets/idr0001-graml-sysgro/20151116-verified/JL_130309_J11_2
JL_130309_J11_3	/uod/idr/filesets/idr0001-graml-sysgro/20151116-verified/JL_130309_J11_3
JL_130309_J11_4	/uod/idr/filesets/idr0001-graml-sysgro/20151116-verified/JL_130309_J11_4
X_110213_S2_Blue1000	/uod/idr/filesets/idr0001-graml-sysgro/20151116-verified/X_110213_S2_Blue1000
X_110213_S2_Blue1300	/uod/idr/filesets/idr0001-graml-sysgro/20151116-verified/X_110213_S2_Blue1300
X_110222_S1	/uod/idr/filesets/idr0001-graml-sysgro/20151116-verified/X_110222_S1
X_110227_S4	/uod/idr/filesets/idr0001-graml-sysgro/20151116-verified/X_110227_S4
X_110314_S7	/uod/idr/filesets/idr0001-graml-sysgro/20151116-verified/X_110314_S7
X_110331_S13	/uod/idr/filesets/idr0001-graml-sysgro/20151116-verified/X_110331_S13
X_110331_S14	/uod/idr/filesets/idr0001-graml-sysgro/20151116-verified/X_110331_S14
X_110401_S15	/uod/idr/filesets/idr0001-graml-sysgro/20151116-verified/X_110401_S15
X_110401_S16	/uod/idr/filesets/idr0001-graml-sysgro/20151116-verified/X_110401_S16
X_110406_S17	/uod/idr/filesets/idr0001-graml-sysgro/20151116-verified/X_110406_S17
X_110406_S18	/uod/idr/filesets/idr0001-graml-sysgro/20151116-verified/X_110406_S18
X_110425_S5	/uod/idr/filesets/idr0001-graml-sysgro/20151116-verified/X_110425_S5
X_110425_S6	/uod/idr/filesets/idr0001-graml-sysgro/20151116-verified/X_110425_S6
X_110428_S9	/uod/idr/filesets/idr0001-graml-sysgro/20151116-verified/X_110428_S9
X_110429_S23	/uod/idr/filesets/idr0001-graml-sysgro/20151116-verified/X_110429_S23
X_110429_S24	/uod/idr/filesets/idr0001-graml-sysgro/20151116-verified/X_110429_S24
X_110502_S10	/uod/idr/filesets/idr0001-graml-sysgro/20151116-verified/X_110502_S10
X_110502_S12	/uod/idr/filesets/idr0001-graml-sysgro/20151116-verified/X_110502_S12
X_110503_S11	/uod/idr/filesets/idr0001-graml-sysgro/20151116-verified/X_110503_S11
X_110503_S8	/uod/idr/filesets/idr0001-graml-sysgro/20151116-verified/X_110503_S8
X_110505_S27	/uod/idr/filesets/idr0001-graml-sysgro/20151116-verified/X_110505_S27
X_110505_S28	/uod/idr/filesets/idr0001-graml-sysgro/20151116-verified/X_110505_S28
X_110506_S19	/uod/idr/filesets/idr0001-graml-sysgro/20151116-verified/X_110506_S19
X_110506_S20	/uod/idr/filesets/idr0001-graml-sysgro/20151116-verified/X_110506_S20
X_110508_S21	/uod/idr/filesets/idr0001-graml-sysgro/20151116-verified/X_110508_S21
X_110508_S22	/uod/idr/filesets/idr0001-graml-sysgro/20151116-verified/X_110508_S22
X_110509_S25	/uod/idr/filesets/idr0001-graml-sysgro/20151116-verified/X_110509_S25
X_110509_S26	/uod/idr/filesets/idr0001-graml-sysgro/20151116-verified/X_110509_S26
X_110511_S29	/uod/idr/filesets/idr0001-graml-sysgro/20151116-verified/X_110511_S29
X_110511_S30	/uod/idr/filesets/idr0001-graml-sysgro/20151116-verified/X_110511_S30
X_110513_S31	/uod/idr/filesets/idr0001-graml-sysgro/20151116-verified/X_110513_S31
X_110514_S32	/uod/idr/filesets/idr0001-graml-sysgro/20151116-verified/X_110514_S32
X_110516_S33	/uod/idr/filesets/idr0001-graml-sysgro/20151116-verified/X_110516_S33
X_110702_MS1404WT_testplate	/uod/idr/filesets/idr0001-graml-sysgro/20151116-verified/X_110702_MS1404WT_testplate
