Secondary_001a	/uod/idr/filesets/idr0005-toret-adhesion/20150520-original-jcb/v2/Secondary 001a/2011-08-29-plate-001.HTD
Secondary_001b	/uod/idr/filesets/idr0005-toret-adhesion/20150520-original-jcb/v2/Secondary 001b/2011-08-29-plateb-001.HTD
Secondary_002a	/uod/idr/filesets/idr0005-toret-adhesion/20150520-original-jcb/v2/Secondary 002a/2011-08-29-platea-002.HTD
Secondary_002b	/uod/idr/filesets/idr0005-toret-adhesion/20150520-original-jcb/v2/Secondary 002b/2011-08-29-plateb-002.HTD
Secondary_003a	/uod/idr/filesets/idr0005-toret-adhesion/20150520-original-jcb/v2/Secondary 003a/2011-08-29-platea-003.HTD
Secondary_003b	/uod/idr/filesets/idr0005-toret-adhesion/20150520-original-jcb/v2/Secondary 003b/2011-08-29-plateb-003.HTD
Secondary_004a	/uod/idr/filesets/idr0005-toret-adhesion/20150520-original-jcb/v2/Secondary 004a/2011-08-29-platea-004.HTD
Secondary_004b	/uod/idr/filesets/idr0005-toret-adhesion/20150520-original-jcb/v2/Secondary 004b/2011-08-29-plateb-004.HTD
Secondary_005a	/uod/idr/filesets/idr0005-toret-adhesion/20150520-original-jcb/v2/Secondary 005a/2011-08-29-platea-005.HTD
Secondary_005b	/uod/idr/filesets/idr0005-toret-adhesion/20150520-original-jcb/v2/Secondary 005b/2011-08-29-plateb-005.HTD
Secondary_006a	/uod/idr/filesets/idr0005-toret-adhesion/20150520-original-jcb/v2/Secondary 006a/2011-08-29-platea-006.HTD
Secondary_006b	/uod/idr/filesets/idr0005-toret-adhesion/20150520-original-jcb/v2/Secondary 006b/2011-08-29-plateb-006.HTD
Secondary_007a	/uod/idr/filesets/idr0005-toret-adhesion/20150520-original-jcb/v2/Secondary 007a/2011-08-29-platea-007.HTD
Secondary_007b	/uod/idr/filesets/idr0005-toret-adhesion/20150520-original-jcb/v2/Secondary 007b/2011-08-29-plateb-007.HTD
Secondary_008a	/uod/idr/filesets/idr0005-toret-adhesion/20150520-original-jcb/v2/Secondary 008a/2011-08-29-platea-008.HTD
Secondary_008b	/uod/idr/filesets/idr0005-toret-adhesion/20150520-original-jcb/v2/Secondary 008b/2011-08-29-plateb-008.HTD
Secondary_009a	/uod/idr/filesets/idr0005-toret-adhesion/20150520-original-jcb/v2/Secondary 009a/2011-08-29-platea-009.HTD
Secondary_009b	/uod/idr/filesets/idr0005-toret-adhesion/20150520-original-jcb/v2/Secondary 009b/2011-08-29-plateb-009.HTD
