HR301-1	../secondary/raw/screens/HR301-1.screen
HR301-2	../secondary/raw/screens/HR301-2.screen
HR301-3	../secondary/raw/screens/HR301-3.screen
HR301-4	../secondary/raw/screens/HR301-4.screen
HR302-1	../secondary/raw/screens/HR302-1.screen
HR302-2	../secondary/raw/screens/HR302-2.screen
HR302-3	../secondary/raw/screens/HR302-3.screen
HR302-4	../secondary/raw/screens/HR302-4.screen
HR303-1	../secondary/raw/screens/HR303-1.screen
HR303-2	../secondary/raw/screens/HR303-2.screen
HR303-3	../secondary/raw/screens/HR303-3.screen
HR303-4	../secondary/raw/screens/HR303-4.screen
