P101	../screens/P101.screen
P102	../screens/P102.screen
P105	../screens/P105.screen
P106	../screens/P106.screen
P107	../screens/P107.screen
P108	../screens/P108.screen
P109	../screens/P109.screen
P110	../screens/P110.screen
P111	../screens/P111.screen
P112	../screens/P112.screen
P115	../screens/P115.screen
P117	../screens/P117.screen
P118	../screens/P118.screen
P119	../screens/P119.screen
P121	../screens/P121.screen
P123	../screens/P123.screen
P124	../screens/P124.screen
P125	../screens/P125.screen
P126	../screens/P126.screen
P127	../screens/P127.screen
P128	../screens/P128.screen
P129	../screens/P129.screen
P130	../screens/P130.screen
P131	../screens/P131.screen
P132	../screens/P132.screen
P133	../screens/P133.screen
P134	../screens/P134.screen
P135	../screens/P135.screen
P136	../screens/P136.screen
P137	../screens/P137.screen
P138	../screens/P138.screen
P139	../screens/P139.screen
P140	../screens/P140.screen
P141	../screens/P141.screen
P142	../screens/P142.screen
P143	../screens/P143.screen
P144	../screens/P144.screen
P145	../screens/P145.screen
P146	../screens/P146.screen
P147	../screens/P147.screen
P148	../screens/P148.screen
P149	../screens/P149.screen
P150	../screens/P150.screen
P170	../screens/P170.screen
P171	../screens/P171.screen
p120	../screens/p120.screen
