DTT p1	/uod/idr/filesets/idr0003-breker-plasticity/201301120/Images/DTT/p1
DTT p10	/uod/idr/filesets/idr0003-breker-plasticity/201301120/Images/DTT/p10
DTT p11	/uod/idr/filesets/idr0003-breker-plasticity/201301120/Images/DTT/p11
DTT p12	/uod/idr/filesets/idr0003-breker-plasticity/201301120/Images/DTT/p12
DTT p13	/uod/idr/filesets/idr0003-breker-plasticity/201301120/Images/DTT/p13
DTT p14	/uod/idr/filesets/idr0003-breker-plasticity/201301120/Images/DTT/p14
DTT p15	/uod/idr/filesets/idr0003-breker-plasticity/201301120/Images/DTT/p15
DTT p16	/uod/idr/filesets/idr0003-breker-plasticity/201301120/Images/DTT/p16
DTT p17	/uod/idr/filesets/idr0003-breker-plasticity/201301120/Images/DTT/p17
DTT p2	/uod/idr/filesets/idr0003-breker-plasticity/201301120/Images/DTT/p2
DTT p3	/uod/idr/filesets/idr0003-breker-plasticity/201301120/Images/DTT/p3
DTT p4	/uod/idr/filesets/idr0003-breker-plasticity/201301120/Images/DTT/p4
DTT p5	/uod/idr/filesets/idr0003-breker-plasticity/201301120/Images/DTT/p5
DTT p6	/uod/idr/filesets/idr0003-breker-plasticity/201301120/Images/DTT/p6
DTT p7	/uod/idr/filesets/idr0003-breker-plasticity/201301120/Images/DTT/p7
DTT p8	/uod/idr/filesets/idr0003-breker-plasticity/201301120/Images/DTT/p8
DTT p9	/uod/idr/filesets/idr0003-breker-plasticity/201301120/Images/DTT/p9
H2O2 p1	/uod/idr/filesets/idr0003-breker-plasticity/201301120/Images/H2O2/p1
H2O2 p10	/uod/idr/filesets/idr0003-breker-plasticity/201301120/Images/H2O2/p10
H2O2 p11	/uod/idr/filesets/idr0003-breker-plasticity/201301120/Images/H2O2/p11
H2O2 p12	/uod/idr/filesets/idr0003-breker-plasticity/201301120/Images/H2O2/p12
H2O2 p13	/uod/idr/filesets/idr0003-breker-plasticity/201301120/Images/H2O2/p13
H2O2 p14	/uod/idr/filesets/idr0003-breker-plasticity/201301120/Images/H2O2/p14
H2O2 p15	/uod/idr/filesets/idr0003-breker-plasticity/201301120/Images/H2O2/p15
H2O2 p16	/uod/idr/filesets/idr0003-breker-plasticity/201301120/Images/H2O2/p16
H2O2 p17	/uod/idr/filesets/idr0003-breker-plasticity/201301120/Images/H2O2/p17
H2O2 p2	/uod/idr/filesets/idr0003-breker-plasticity/201301120/Images/H2O2/p2
H2O2 p3	/uod/idr/filesets/idr0003-breker-plasticity/201301120/Images/H2O2/p3
H2O2 p4	/uod/idr/filesets/idr0003-breker-plasticity/201301120/Images/H2O2/p4
H2O2 p5	/uod/idr/filesets/idr0003-breker-plasticity/201301120/Images/H2O2/p5
H2O2 p6	/uod/idr/filesets/idr0003-breker-plasticity/201301120/Images/H2O2/p6
H2O2 p7	/uod/idr/filesets/idr0003-breker-plasticity/201301120/Images/H2O2/p7
H2O2 p8	/uod/idr/filesets/idr0003-breker-plasticity/201301120/Images/H2O2/p8
H2O2 p9	/uod/idr/filesets/idr0003-breker-plasticity/201301120/Images/H2O2/p9
SD1 p1	/uod/idr/filesets/idr0003-breker-plasticity/201301120/Images/SD1/p1
SD1 p10	/uod/idr/filesets/idr0003-breker-plasticity/201301120/Images/SD1/p10
SD1 p11	/uod/idr/filesets/idr0003-breker-plasticity/201301120/Images/SD1/p11
SD1 p12	/uod/idr/filesets/idr0003-breker-plasticity/201301120/Images/SD1/p12
SD1 p13	/uod/idr/filesets/idr0003-breker-plasticity/201301120/Images/SD1/p13
SD1 p14	/uod/idr/filesets/idr0003-breker-plasticity/201301120/Images/SD1/p14
SD1 p15	/uod/idr/filesets/idr0003-breker-plasticity/201301120/Images/SD1/p15
SD1 p16	/uod/idr/filesets/idr0003-breker-plasticity/201301120/Images/SD1/p16
SD1 p17	/uod/idr/filesets/idr0003-breker-plasticity/201301120/Images/SD1/p17
SD1 p2	/uod/idr/filesets/idr0003-breker-plasticity/201301120/Images/SD1/p2
SD1 p3	/uod/idr/filesets/idr0003-breker-plasticity/201301120/Images/SD1/p3
SD1 p4	/uod/idr/filesets/idr0003-breker-plasticity/201301120/Images/SD1/p4
SD1 p5	/uod/idr/filesets/idr0003-breker-plasticity/201301120/Images/SD1/p5
SD1 p6	/uod/idr/filesets/idr0003-breker-plasticity/201301120/Images/SD1/p6
SD1 p7	/uod/idr/filesets/idr0003-breker-plasticity/201301120/Images/SD1/p7
SD1 p8	/uod/idr/filesets/idr0003-breker-plasticity/201301120/Images/SD1/p8
SD1 p9	/uod/idr/filesets/idr0003-breker-plasticity/201301120/Images/SD1/p9
SD2 p1	/uod/idr/filesets/idr0003-breker-plasticity/201301120/Images/SD2/p1
SD2 p10	/uod/idr/filesets/idr0003-breker-plasticity/201301120/Images/SD2/p10
SD2 p11	/uod/idr/filesets/idr0003-breker-plasticity/201301120/Images/SD2/p11
SD2 p12	/uod/idr/filesets/idr0003-breker-plasticity/201301120/Images/SD2/p12
SD2 p13	/uod/idr/filesets/idr0003-breker-plasticity/201301120/Images/SD2/p13
SD2 p14	/uod/idr/filesets/idr0003-breker-plasticity/201301120/Images/SD2/p14
SD2 p15	/uod/idr/filesets/idr0003-breker-plasticity/201301120/Images/SD2/p15
SD2 p16	/uod/idr/filesets/idr0003-breker-plasticity/201301120/Images/SD2/p16
SD2 p17	/uod/idr/filesets/idr0003-breker-plasticity/201301120/Images/SD2/p17
SD2 p2	/uod/idr/filesets/idr0003-breker-plasticity/201301120/Images/SD2/p2
SD2 p3	/uod/idr/filesets/idr0003-breker-plasticity/201301120/Images/SD2/p3
SD2 p4	/uod/idr/filesets/idr0003-breker-plasticity/201301120/Images/SD2/p4
SD2 p5	/uod/idr/filesets/idr0003-breker-plasticity/201301120/Images/SD2/p5
SD2 p6	/uod/idr/filesets/idr0003-breker-plasticity/201301120/Images/SD2/p6
SD2 p7	/uod/idr/filesets/idr0003-breker-plasticity/201301120/Images/SD2/p7
SD2 p8	/uod/idr/filesets/idr0003-breker-plasticity/201301120/Images/SD2/p8
SD2 p9	/uod/idr/filesets/idr0003-breker-plasticity/201301120/Images/SD2/p9
starvation p1	/uod/idr/filesets/idr0003-breker-plasticity/201301120/Images/starvation/p1
starvation p10	/uod/idr/filesets/idr0003-breker-plasticity/201301120/Images/starvation/p10
starvation p11	/uod/idr/filesets/idr0003-breker-plasticity/201301120/Images/starvation/p11
starvation p12	/uod/idr/filesets/idr0003-breker-plasticity/201301120/Images/starvation/p12
starvation p13	/uod/idr/filesets/idr0003-breker-plasticity/201301120/Images/starvation/p13
starvation p14	/uod/idr/filesets/idr0003-breker-plasticity/201301120/Images/starvation/p14
starvation p15	/uod/idr/filesets/idr0003-breker-plasticity/201301120/Images/starvation/p15
starvation p16	/uod/idr/filesets/idr0003-breker-plasticity/201301120/Images/starvation/p16
starvation p17	/uod/idr/filesets/idr0003-breker-plasticity/201301120/Images/starvation/p17
starvation p2	/uod/idr/filesets/idr0003-breker-plasticity/201301120/Images/starvation/p2
starvation p3	/uod/idr/filesets/idr0003-breker-plasticity/201301120/Images/starvation/p3
starvation p4	/uod/idr/filesets/idr0003-breker-plasticity/201301120/Images/starvation/p4
starvation p5	/uod/idr/filesets/idr0003-breker-plasticity/201301120/Images/starvation/p5
starvation p6	/uod/idr/filesets/idr0003-breker-plasticity/201301120/Images/starvation/p6
starvation p7	/uod/idr/filesets/idr0003-breker-plasticity/201301120/Images/starvation/p7
starvation p8	/uod/idr/filesets/idr0003-breker-plasticity/201301120/Images/starvation/p8
starvation p9	/uod/idr/filesets/idr0003-breker-plasticity/201301120/Images/starvation/p9
