LT0001_02	../screens/LT0001_02--ex2005_11_16--sp2005_02_17--tt17--c3.screen
LT0001_09	../screens/LT0001_09--ex2005_11_16--sp2005_02_17--tt17--c5.screen
LT0001_12	../screens/LT0001_12--ex2005_05_13--sp2005_02_17--tt17--c4.screen
LT0002_02	../screens/LT0002_02--ex2005_10_26--sp2005_03_04--tt173--c5.screen
LT0002_24	../screens/LT0002_24--ex2005_05_06--sp2005_03_04--tt163--c5.screen
LT0002_51	../screens/LT0002_51--ex2005_08_31--sp2006_08_21--tt17--c3.screen
LT0003_02	../screens/LT0003_02--ex2005_11_11--sp2005_03_16--tt173--c3.screen
LT0003_15	../screens/LT0003_15--ex2005_04_06--sp2005_03_16--tt17--c2.screen
LT0003_40	../screens/LT0003_40--ex2005_05_11--sp2005_03_16--tt17--c3.screen
LT0004_06	../screens/LT0004_06--ex2005_11_18--sp2005_03_18-tt173--c3.screen
LT0004_11	../screens/LT0004_11--ex2006_06_30--sp2005_03_18--tt18--c3.screen
LT0004_47	../screens/LT0004_47--ex2005_04_08--sp2005_3_18--tt18--c2.screen
LT0005_06	../screens/LT0005_06--ex2006_06_07--sp2005_03_21--tt18--c5.screen
LT0005_44	../screens/LT0005_44--ex2005_04_20--sp2005_03_21--tt17--c5.screen
LT0005_47	../screens/LT0005_47--ex2005_05_13--sp2005_03_21--tt17--c4.screen
LT0006_10	../screens/LT0006_10--ex2006_02_08--sp2005_03_23--tt17--c3.screen
LT0006_26	../screens/LT0006_26--ex2005_04_20--sp2005_03_23--tt17--c5.screen
LT0006_44	../screens/LT0006_44--ex2005_05_13--sp2005_03_23--tt17--c3.screen
LT0007_08	../screens/LT0007_08--ex2005_07_06--sp2005_03_24--tt19--c3.screen
LT0007_10	../screens/LT0007_10--ex2007_02_02--sp2005_03_24--tt17--c4.screen
LT0007_20	../screens/LT0007_20--ex2005_05_13--sp2005_03_24--tt17--c5.screen
LT0007_26	../screens/LT0007_26--ex2005_05_25--sp2005_03_23--tt18--c3.screen
LT0008_07	../screens/LT0008_07--ex2006_02_08--sp2005_03_31--tt17--c3.screen
LT0008_14	../screens/LT0008_14--ex2007_10_31--sp2005_03_31--tt17--c4.screen
LT0008_31	../screens/LT0008_31--ex2005_05_13--sp2005_03_31--tt17--c4.screen
LT0009_05	../screens/LT0009_05--ex2005_12_09--sp2005_04_04--tt17--c5.screen
LT0009_07	../screens/LT0009_07--ex2006_06_28--sp2005_04_04--tt18--c3.screen
LT0009_14	../screens/LT0009_14--ex2005_05_11--sp2005_04_04--tt17--c4.screen
LT0010_06	../screens/LT0010_06--ex2006_06_07--sp2005_04_04--tt18--c5.screen
LT0010_26	../screens/LT0010_26--ex2005_05_06--sp2005_04_04--tt163--c3.screen
LT0010_27	../screens/LT0010_27--ex2005_05_13--sp2005_03_23--tt17--c5.screen
LT0011_07	../screens/LT0011_07--ex2006_02_08--sp2005_04_07--tt17--c3.screen
LT0011_26	../screens/LT0011_26--ex2005_05_06--sp2005_04_07--tt163--c3.screen
LT0011_30	../screens/LT0011_30--ex2005_05_13--sp2005_04_07--tt17--c3.screen
LT0012_25	../screens/LT0012_25--ex2005_05_13--sp2005_04_08--tt17--c3.screen
LT0012_27	../screens/LT0012_27--ex2005_05_06--sp2005_04_08--tt163--c4.screen
LT0012_29	../screens/LT0012_29--ex2005_06_10--sp2005_04_08--tt16--c3.screen
LT0013_11	../screens/LT0013_11--ex2006_03_03--sp2005_04_11--tt17--c5.screen
LT0013_38	../screens/LT0013_38--ex2005_05_06--sp2005_04_11--tt163--c3.screen
LT0013_42	../screens/LT0013_42--ex2005_05_25--sp2005_04_11--tt18--c3.screen
LT0014_01	../screens/LT0014_01--ex2005_10_21--sp2005_04_11--tt17--c5.screen
LT0014_12	../screens/LT0014_12--ex2005_05_27--sp2005_04_11--tt18--c4.screen
LT0014_23	../screens/LT0014_23--ex2006_02_08--sp2005_04_11--tt17--c3.screen
LT0015_10	../screens/LT0015_10--ex2006_08_11--sp2005_04_11--tt18--c3.screen
LT0015_17	../screens/LT0015_17--ex2006_08_11--sp2005_04_11--tt18--c5.screen
LT0015_22	../screens/LT0015_22--ex2005_05_25--sp2005_04_11--tt18--c4.screen
LT0015_44	../screens/LT0015_44--ex2005_06_01--sp2005_04_11--tt17--c2.screen
LT0015_55	../screens/LT0015_55--ex2006_08_11--sp2006_08_04--tt18--c3.screen
LT0015_70	../screens/LT0015_70--ex2006_08_11--sp2006_08_04--tt18--c5.screen
LT0016_15	../screens/LT0016_15--ex2005_06_01--sp2005_04_12--tt17--c2.screen
LT0016_18	../screens/LT0016_18--ex2005_07_08--sp2005_04_12--tt17--c2.screen
LT0016_26	../screens/LT0016_26--ex2006_08_23--sp2005_04_12--tt20--c4.screen
LT0016_28	../screens/LT0016_28--ex2006_08_23--sp2005_04_12--tt20--c5.screen
LT0017_01	../screens/LT0017_01--ex2006_02_10--sp2005_04_10--tt17--c3.screen
LT0017_08	../screens/LT0017_08--ex2005_06_01--sp2005_04_12--tt17--c2.screen
LT0017_19	../screens/LT0017_19--ex2005_07_06--sp2005_04_12--tt19--c5.screen
LT0018_03	../screens/LT0018_03--ex2006_02_03--sp2005_04_12--tt17--c3.screen
LT0018_25	../screens/LT0018_25--ex2005_06_08--sp2005_01_01--tt17--c4.screen
LT0018_41	../screens/LT0018_41--ex2005_07_01--sp2005_04_12--tt18--c5.screen
LT0019_06	../screens/LT0019_06--ex2006_08_09--sp2005_04_18--tt17--c4.screen
LT0019_38	../screens/LT0019_38--ex2005_05_27--sp2005_04_18--tt18--c3.screen
LT0019_48	../screens/LT0019_48--ex2005_07_27--sp2005_04_18--tt17--c3.screen
LT0020_03	../screens/LT0020_03--ex2006_06_23--sp2005_04_18--tt18--c5.screen
LT0020_04	../screens/LT0020_04--ex2007_02_07--sp2005_04_18--tt17--c4.screen
LT0020_09	../screens/LT0020_09--ex2007_02_07--sp2005_04_18--tt18--c5.screen
LT0020_40	../screens/LT0020_40--ex2005_06_01--sp2005_04_18--tt17--c3.screen
LT0020_42	../screens/LT0020_42--ex2005_05_27--sp2005_04_18--tt18--c3.screen
LT0021_08	../screens/LT0021_08--ex2005_12_02--sp2005_04_18--tt17--c4.screen
LT0021_11	../screens/LT0021_11--ex2006_06_28--sp2005_04_18--tt18--c3.screen
LT0021_51	../screens/LT0021_51--ex2006_08_30--sp2006_08_21--tt20--c5.screen
LT0021_68	../screens/LT0021_68--ex2006_11_29--sp2006_08_21--tt18--c4.screen
LT0022_46	../screens/LT0022_46--ex2005_05_27--sp2005_04_19--tt18--c5.screen
LT0022_47	../screens/LT0022_47--ex2005_05_27--sp2005_04_19--tt18--c4.screen
LT0022_52	../screens/LT0022_52--ex2006_01_18--sp2006_01_10--tt17--c3.screen
LT0022_53	../screens/LT0022_53--ex2006_01_20--sp2006_01_10--tt19--c4.screen
LT0023_01	../screens/LT0023_01--ex2005_10_21--sp2005_04_19--tt17--c4.screen
LT0023_04	../screens/LT0023_04--ex2005_09_09--sp2005_04_19--tt17--c4.screen
LT0023_11	../screens/LT0023_11--ex2005_06_03--sp2005_04_19--tt17--c3.screen
LT0024_01	../screens/LT0024_01--ex2006_02_10--sp2005_04_25--tt17--c3.screen
LT0024_38	../screens/LT0024_38--ex2005_06_01--sp2005_04_25--tt17--c4.screen
LT0024_41	../screens/LT0024_41--ex2005_07_22--sp2005_04_25--tt173--c5.screen
LT0025_37	../screens/LT0025_37--ex2005_06_03--sp2005_04_25--tt17--c4.screen
LT0025_41	../screens/LT0025_41--ex2005_06_01--sp2005_04_25--tt17--c4.screen
LT0025_54	../screens/LT0025_54--ex2006_11_29--sp2006_11_21--tt17--c5.screen
LT0025_56	../screens/LT0025_56--ex2006_11_29--sp2006_11_21--tt18--c4.screen
LT0026_01	../screens/LT0026_01--ex2006_02_10--sp2005_04_26--tt17--c5.screen
LT0026_21	../screens/LT0026_21--ex2005_07_06--sp2005_04_26--tt17--c4.screen
LT0026_22	../screens/LT0026_22--ex2005_06_01--sp2005_04_26--tt17--c5.screen
LT0027_02	../screens/LT0027_02--ex2007_02_07--sp2005_04_27--tt18--c5.screen
LT0027_43	../screens/LT0027_43--ex2005_08_17--sp2005_04_27--tt173--c3.screen
LT0027_44	../screens/LT0027_44--ex2005_06_03--sp2005_04_27--tt17--c5.screen
LT0027_45	../screens/LT0027_45--ex2005_06_01--sp2005_04_27--tt17--c5.screen
LT0028_01	../screens/LT0028_01--ex2005_10_21--sp2005_04_29--tt17--c3.screen
LT0028_02	../screens/LT0028_02--ex2006_03_03--sp2005_04_29--tt173--c3.screen
LT0028_14	../screens/LT0028_14--ex2005_06_10--sp2005_04_29--tt16--c3.screen
LT0029_01	../screens/LT0029_01--ex2006_03_03--sp2005_05_02--tt173--c3.screen
LT0029_05	../screens/LT0029_05--ex2005_06_08--sp2005_01_01--tt17--c3.screen
LT0029_06	../screens/LT0029_06--ex2005_06_15--sp2005_05_02--tt17--c4.screen
LT0030_03	../screens/LT0030_03--ex2006_02_03--sp2005_05_02--tt17--c3.screen
LT0030_04	../screens/LT0030_04--ex2007_02_07--sp2005_05_02--tt18--c5.screen
LT0030_17	../screens/LT0030_17--ex2005_06_08--sp2005_01_01--tt17--c3.screen
LT0030_18	../screens/LT0030_18--ex2007_02_07--sp2005_05_02--tt17--c4.screen
LT0031_02	../screens/LT0031_02--ex2006_06_30--sp2005_05_03--tt18--c5.screen
LT0031_32	../screens/LT0031_32--ex2005_06_10--sp2005_05_03--tt163--c5.screen
LT0031_50	../screens/LT0031_50--ex2005_08_31--sp2006_08_23--tt17--c3.screen
LT0031_51	../screens/LT0031_51--ex2006_08_30--sp2006_08_23--tt20--c4.screen
LT0032_01	../screens/LT0032_01--ex2005_10_21--sp2005_05_05--tt17--c4.screen
LT0032_06	../screens/LT0032_06--ex2006_06_30--sp2005_05_03--tt18--c5.screen
LT0032_14	../screens/LT0032_14--ex2005_06_15--sp2005_05_03--tt17--c4.screen
LT0033_03	../screens/LT0033_03--ex2006_06_14--sp2005_05_05--tt17--c5.screen
LT0033_11	../screens/LT0033_11--ex2006_07_26--sp2005_05_05--tt18--c5.screen
LT0033_42	../screens/LT0033_42--ex2005_06_15--sp2005_05_05--tt17--c3.screen
LT0034_01	../screens/LT0034_01--ex2005_12_09--sp2005_05_05--tt17--c3.screen
LT0034_38	../screens/LT0034_38--ex2005_06_10--sp2005_05_05--tt16--c3.screen
LT0034_41	../screens/LT0034_41--ex2005_06_08--sp2005_01_01--tt17--c3.screen
LT0035_01	../screens/LT0035_01--ex2005_03_11--sp2005_05_09--tt18--c3.screen
LT0035_06	../screens/LT0035_06--ex2005_06_10--sp2005_05_09--tt25--c2.screen
LT0035_07	../screens/LT0035_07--ex2005_06_17--sp2005_05_09--tt17--c3.screen
LT0035_10	../screens/LT0035_10--ex2006_02_15--sp2005_05_09--tt17--c3.screen
LT0035_13	../screens/LT0035_13--ex2005_06_15--sp2005_05_09--tt17--c3.screen
LT0035_47	../screens/LT0035_47--ex2005_06_15--sp2005_05_09--tt17--c5.screen
LT0036_01	../screens/LT0036_01--ex2005_06_10--sp2005_05_09--tt25--c2.screen
LT0036_36	../screens/LT0036_36--ex2005_06_17--sp2005_05_09--tt17--c3.screen
LT0036_52	../screens/LT0036_52--ex2006_11_29--sp2006_10_27--tt17--c5.screen
LT0036_55	../screens/LT0036_55--ex2006_11_29--sp2006_10_27--tt18--c4.screen
LT0037_41	../screens/LT0037_41--ex2005_06_17--sp2005_05_11--tt17--c4.screen
LT0037_46	../screens/LT0037_46--ex2005_06_15--sp2005_05_10--tt17--c3.screen
LT0037_51	../screens/LT0037_51--ex2006_11_03--sp2006_10_27--tt18--c5.screen
LT0037_52	../screens/LT0037_52--ex2006_11_03--sp2006_10_27--tt17--c4.screen
LT0038_01	../screens/LT0038_01--ex2005_12_09--sp2005_05_10--tt17--c3.screen
LT0038_02	../screens/LT0038_02--ex2006_12_08--sp2005_05_10--tt18--c4.screen
LT0038_08	../screens/LT0038_08--ex2005_06_15--sp2005_05_10--tt17--c5.screen
LT0038_27	../screens/LT0038_27--ex2005_06_17--sp2005_05_10--tt17--c4.screen
LT0039_02	../screens/LT0039_02--ex2006_03_03--sp2005_05_12--tt17--c5.screen
LT0039_39	../screens/LT0039_39--ex2005_06_22--sp2005_05_12--tt19--c3.screen
LT0039_45	../screens/LT0039_45--ex2005_07_06--sp2005_05_12--tt19--c3.screen
LT0040_01	../screens/LT0040_01--ex2005_10_26--sp2005_05_13--tt173--c4.screen
LT0040_42	../screens/LT0040_42--ex2005_06_17--sp2005_05_13--tt17--c5.screen
LT0040_44	../screens/LT0040_44--ex2005_06_24--sp2005_05_13--tt19--c3.screen
LT0041_03	../screens/LT0041_03--ex2006_03_03--sp2005_05_18--tt173--c3.screen
LT0041_32	../screens/LT0041_32--ex2005_06_22--sp2005_05_18--tt17--c5.screen
LT0041_35	../screens/LT0041_35--ex2005_06_29--sp2005_05_18--tt163--c4.screen
LT0042_09	../screens/LT0042_09--ex2006_03_03--sp2005_05_18--tt17--c5.screen
LT0042_10	../screens/LT0042_10--ex2005_06_24--sp2005_05_18--tt19--c3.screen
LT0042_28	../screens/LT0042_28--ex2005_06_22--sp2005_05_18--tt19--c3.screen
LT0043_01	../screens/LT0043_01--ex2006_03_03--sp2005_05_19--tt173--c3.screen
LT0043_11	../screens/LT0043_11--ex2005_06_22--sp2005_05_19--tt17--c4.screen
LT0043_48	../screens/LT0043_48--ex2005_06_29--sp2005_05_19--tt163--c4.screen
LT0044_02	../screens/LT0044_02--ex2006_03_08--sp2005_05_19--tt17--c3.screen
LT0044_16	../screens/LT0044_16--ex2005_06_24--sp2005_05_19--tt17--c4.screen
LT0044_36	../screens/LT0044_36--ex2005_07_06--sp2005_05_19--tt19--c3.screen
LT0045_10	../screens/LT0045_10--ex2005_07_08--sp2005_05_20--tt17--c2.screen
LT0045_12	../screens/LT0045_12--ex2005_07_08--sp2005_05_20--tt17--c2.screen
LT0045_19	../screens/LT0045_19--ex2005_06_22--sp2005_05_20--tt17--c4.screen
LT0046_03	../screens/LT0046_03--ex2006_08_09--sp2005_05_20--tt17--c5.screen
LT0046_19	../screens/LT0046_19--ex2005_06_08--sp2005_01_01--tt17--c4.screen
LT0046_35	../screens/LT0046_35--ex2005_06_08--sp2005_01_01--tt17--c4.screen
LT0047_03	../screens/LT0047_03--ex2006_03_10--sp2005_05_23--tt17--c3.screen
LT0047_25	../screens/LT0047_25--ex2005_06_22--sp2005_05_23--tt19--c3.screen
LT0047_27	../screens/LT0047_27--ex2005_06_29--sp2005_05_23--tt18--c3.screen
LT0048_03	../screens/LT0048_03--ex2006_03_08--sp2005_05_23--tt17--c3.screen
LT0048_13	../screens/LT0048_13--ex2005_06_24--sp2005_05_23--tt19--c3.screen
LT0048_14	../screens/LT0048_14--ex2005_06_29--sp2005_05_23--tt18--c3.screen
LT0049_02	../screens/LT0049_02--ex2006_03_10--sp2005_06_01--tt17--c3.screen
LT0049_42	../screens/LT0049_42--ex2005_07_27--sp2005_06_01--tt17--c5.screen
LT0049_44	../screens/LT0049_44--ex2005_07_06--sp2005_06_01--tt17--c4.screen
LT0060_17	../screens/LT0060_17--ex2005_07_27--sp2005_06_01--tt17--c4.screen
LT0060_31	../screens/LT0060_31--ex2005_07_08--sp2005_06_01--tt18--c4.screen
LT0060_51	../screens/LT0060_51--ex2006_11_03--sp2006_10_30--tt17--c4.screen
LT0060_52	../screens/LT0060_52--ex2006_11_03--sp2006_10_30--tt18--c5.screen
LT0061_02	../screens/LT0061_02--ex2005_07_08--sp2005_06_02--tt18--c4.screen
LT0061_03	../screens/LT0061_03--ex2005_07_15--sp2005_06_02--tt173--c4.screen
LT0061_05	../screens/LT0061_05--ex2006_03_08--sp2005_06_02--tt17--c5.screen
LT0062_07	../screens/LT0062_07--ex2006_03_08--sp2005_06_02--tt17--c3.screen
LT0062_30	../screens/LT0062_30--ex2005_07_27--sp2005_06_02--tt17--c5.screen
LT0062_46	../screens/LT0062_46--ex2005_07_08--sp2005_06_02--tt18--c4.screen
LT0063_01	../screens/LT0063_01--ex2006_03_08--sp2005_06_06--tt17--c3.screen
LT0063_16	../screens/LT0063_16--ex2005_07_15--sp2005_06_06--tt173--c5.screen
LT0063_17	../screens/LT0063_17--ex2005_07_08--sp2005_06_06--tt183--c5.screen
LT0064_01	../screens/LT0064_01--ex2005_12_09--sp2005_06_06--tt17--c5.screen
LT0064_02	../screens/LT0064_02--ex2006_12_08--sp2005_06_06--tt18--c4.screen
LT0064_14	../screens/LT0064_14--ex2005_08_12--sp2005_06_06--tt17--c4.screen
LT0064_18	../screens/LT0064_18--ex2005_07_15--sp2005_06_06--tt173--c4.screen
LT0064_25	../screens/LT0064_25--ex2005_07_27--sp2005_06_06--tt17--c3.screen
LT0065_04	../screens/LT0065_04--ex2006_02_03--sp2005_06_07--tt17--c5.screen
LT0065_05	../screens/LT0065_05--ex2005_07_15--sp2005_06_07--tt173--c5.screen
LT0065_06	../screens/LT0065_06--ex2005_07_13--sp2005_06_07--tt173--c4.screen
LT0066_02	../screens/LT0066_02--ex2006_07_05--sp2005_06_07--tt17--c3.screen
LT0066_19	../screens/LT0066_19--ex2005_07_22--sp2005_06_07--tt173--c5.screen
LT0066_23	../screens/LT0066_23--ex2005_08_03--sp2005_06_07--tt17--c3.screen
LT0067_02	../screens/LT0067_02--ex2006_06_30--sp2005_06_28--tt18--c3.screen
LT0067_07	../screens/LT0067_07--ex2005_07_15--sp2005_06_28--tt18--c2.screen
LT0067_11	../screens/LT0067_11--ex2005_07_27--sp2005_06_28--tt17--c4.screen
LT0067_37	../screens/LT0067_37--ex2007_10_24--sp2005_06_28--tt17--c5.screen
LT0068_01	../screens/LT0068_01--ex2006_03_08--sp2005_06_13--tt17--c5.screen
LT0068_43	../screens/LT0068_43--ex2005_07_13--sp2005_06_13--tt173--c3.screen
LT0068_45	../screens/LT0068_45--ex2005_07_15--sp2005_06_13--tt18--c2.screen
LT0069_41	../screens/LT0069_41--ex2005_07_27--sp2005_06_14--tt17--c3.screen
LT0069_45	../screens/LT0069_45--ex2005_07_13--sp2005_06_14--tt173--c3.screen
LT0069_51	../screens/LT0069_51--ex2006_11_03--sp2006_10_30--tt17--c4.screen
LT0069_52	../screens/LT0069_52--ex2006_11_03--sp2006_10_30--tt18--c5.screen
LT0070_39	../screens/LT0070_39--ex2005_08_12--sp2005_06_14--tt17--c3.screen
LT0070_40	../screens/LT0070_40--ex2005_07_13--sp2005_06_14--tt173--c4.screen
LT0070_41	../screens/LT0070_41--ex2005_07_29--sp2005_06_14--tt17--c5.screen
LT0071_02	../screens/LT0071_02--ex2006_03_10--sp2005_06_16-tt17--c5.screen
LT0071_44	../screens/LT0071_44--ex2005_07_15--sp2005_06_16--tt18--c3.screen
LT0071_45	../screens/LT0071_45--ex2005_07_13--sp2005_06_16--tt17--c5.screen
LT0072_02	../screens/LT0072_02--ex2006_06_14--sp2005_06_20-tt17--c5.screen
LT0072_25	../screens/LT0072_25--ex2005_07_15--sp2005_06_05--tt18--c2.screen
LT0072_35	../screens/LT0072_35--ex2007_10_24--sp2005_06_20--tt17--c5.screen
LT0072_47	../screens/LT0072_47--ex2005_09_30--sp2005_06_20--tt17--c5.screen
LT0073_02	../screens/LT0073_02--ex2005_07_27--sp2005_06_21--tt17--c5.screen
LT0073_07	../screens/LT0073_07--ex2006_06_30--sp2005_06_21--tt18--c3.screen
LT0073_66	../screens/LT0073_66--ex2006_11_17--sp2006_10_31--tt17--c4.screen
LT0073_69	../screens/LT0073_69--ex2006_11_17--sp2006_10_31--tt17--c5.screen
LT0074_01	../screens/LT0074_01--ex2006_03_10--sp2005_06_27--tt17--c3.screen
LT0074_18	../screens/LT0074_18--ex2005_07_27--sp2005_06_27--tt17--c5.screen
LT0074_32	../screens/LT0074_32--ex2005_08_03--sp2005_06_27--tt17--c3.screen
LT0075_01	../screens/LT0075_01--ex2005_12_16--sp2005_06_27--tt17--c3.screen
LT0075_08	../screens/LT0075_08--ex2006_07_05--sp2005_06_27--tt17--c4.screen
LT0075_32	../screens/LT0075_32--ex2005_07_13--sp2005_06_27--tt17--c5.screen
LT0076_02	../screens/LT0076_02--ex2007_02_07--sp2005_06_28--tt18--c5.screen
LT0076_04	../screens/LT0076_04--ex2007_02_07--sp2005_06_28--tt17--c4.screen
LT0076_08	../screens/LT0076_08--ex2006_07_05--sp2005_06_28--tt17--c5.screen
LT0076_16	../screens/LT0076_16--ex2005_07_13--sp2005_06_28--tt173--c3.screen
LT0076_33	../screens/LT0076_33--ex2005_07_15--sp2005_06_28--tt18--c3.screen
LT0077_01	../screens/LT0077_01--ex2006_03_10--sp2005_06_30--tt17--c3.screen
LT0077_19	../screens/LT0077_19--ex2006_07_05--sp2005_06_30--tt17--c5.screen
LT0077_24	../screens/LT0077_24--ex2005_07_20--sp2005_06_30--tt17--c4.screen
LT0078_01	../screens/LT0078_01--ex2006_03_10--sp2005_06_30--tt17--c5.screen
LT0078_05	../screens/LT0078_05--ex2006_08_09--sp2005_06_30--tt17--c4.screen
LT0078_25	../screens/LT0078_25--ex2005_07_13--sp2005_06_30--tt17--c5.screen
LT0079_05	../screens/LT0079_05--ex2006_03_10--sp2005_07_14--tt17--c5.screen
LT0079_13	../screens/LT0079_13--ex2005_07_20--sp2005_07_04--tt17--c4.screen
LT0079_38	../screens/LT0079_38--ex2005_07_29--sp2005_07_04--tt17--c4.screen
LT0080_01	../screens/LT0080_01--ex2005_12_16--sp2005_07_04--tt17--c3.screen
LT0080_02	../screens/LT0080_02--ex2006_12_08--sp2005_07_04--tt18--c4.screen
LT0080_37	../screens/LT0080_37--ex2005_07_20--sp2005_07_04--tt17--c4.screen
LT0080_47	../screens/LT0080_47--ex2005_07_29--sp2005_07_04--tt17--c5.screen
LT0081_02	../screens/LT0081_02--ex2006_03_15--sp2005_07_05--tt17--c3.screen
LT0081_09	../screens/LT0081_09--ex2005_07_29--sp2005_07_05--tt17--c4.screen
LT0081_11	../screens/LT0081_11--ex2005_08_03--sp2005_07_05--tt17--c4.screen
LT0082_04	../screens/LT0082_04--ex2006_06_30--sp2005_07_05--tt18--c5.screen
LT0082_11	../screens/LT0082_11--ex2005_08_17--sp2005_07_05--tt17--c4.screen
LT0082_20	../screens/LT0082_20--ex2006_07_12--sp2005_07_05--tt17--c4.screen
LT0083_14	../screens/LT0083_14--ex2005_08_12--sp2005_07_07--tt17--c3.screen
LT0083_15	../screens/LT0083_15--ex2005_07_20--sp2005_07_07--tt173--c3.screen
LT0083_31	../screens/LT0083_31--ex2006_07_05--sp2005_07_07--tt17--c5.screen
LT0084_01	../screens/LT0084_01--ex2006_07_05--sp2005_07_07--tt17--c3.screen
LT0084_46	../screens/LT0084_46--ex2005_08_03--sp2005_07_07--tt17--c4.screen
LT0084_47	../screens/LT0084_47--ex2005_08_03--sp2005_07_07--tt17--c5.screen
LT0085_07	../screens/LT0085_07--ex2006_07_07--sp2005_07_12--tt17--c3.screen
LT0085_37	../screens/LT0085_37--ex2005_07_20--sp2005_07_12--tt173--c3.screen
LT0085_38	../screens/LT0085_38--ex2005_08_03--sp2005_07_12--tt17--c5.screen
LT0086_02	../screens/LT0086_02--ex2006_03_15--sp2005_08_18--tt17--c5.screen
LT0086_15	../screens/LT0086_15--ex2005_09_07--sp2005_08_18--tt17--c4.screen
LT0086_27	../screens/LT0086_27--ex2005_09_09--sp2005_08_18--tt17--c4.screen
LT0087_03	../screens/LT0087_03--ex2005_12_07--sp2005_07_14--tt17--c3.screen
LT0087_34	../screens/LT0087_34--ex2005_07_20--sp2005_07_14--tt173--c3.screen
LT0087_35	../screens/LT0087_35--ex2005_08_17--sp2005_07_14--tt17--c4.screen
LT0088_06	../screens/LT0088_06--ex2006_08_23--sp2005_07_14--tt20--c4.screen
LT0088_21	../screens/LT0088_21--ex2005_08_03--sp2005_07_14--tt17--c5.screen
LT0088_38	../screens/LT0088_38--ex2005_08_17--sp2005_07_14--tt17--c5.screen
LT0088_42	../screens/LT0088_42--ex2006_08_23--sp2005_07_14--tt20--c5.screen
LT0089_01	../screens/LT0089_01--ex2005_08_31--sp2005_08_18--tt17--c4.screen
LT0089_02	../screens/LT0089_02--ex2005_12_16--sp2005_08_18--tt17--c3.screen
LT0089_22	../screens/LT0089_22--ex2005_08_26--sp2005_08_18--tt17--c4.screen
LT0090_33	../screens/LT0090_33--ex2005_09_30--sp2005_08_22--tt17--c4.screen
LT0090_46	../screens/LT0090_46--ex2005_09_21--sp2005_08_22--tt17--c4.screen
LT0090_48	../screens/LT0090_48--ex2005_08_31--sp2005_08_22--tt17--c4.screen
LT0091_01	../screens/LT0091_01--ex2005_08_17--sp2005_07_26--tt17--c5.screen
LT0091_02	../screens/LT0091_02--ex2005_08_12--sp2005_07_26--tt17--c5.screen
LT0091_30	../screens/LT0091_30--ex2005_08_12--sp2005_07_26--tt17--c3.screen
LT0092_14	../screens/LT0092_14--ex2005_08_12--sp2005_08_01--tt17--c4.screen
LT0092_15	../screens/LT0092_15--ex2005_08_12--sp2005_08_01--tt17--c5.screen
LT0092_39	../screens/LT0092_39--ex2005_09_30--sp2005_08_01--tt17--c5.screen
LT0093_13	../screens/LT0093_13--ex2005_08_26--sp2005_08_02--tt17--c4.screen
LT0093_16	../screens/LT0093_16--ex2005_08_12--sp2005_08_03--tt17--c5.screen
LT0093_17	../screens/LT0093_17--ex2005_08_17--sp2005_08_02--tt17--c5.screen
LT0094_01	../screens/LT0094_01--ex2005_12_16--sp2005_08_03--tt17--c5.screen
LT0094_02	../screens/LT0094_02--ex2006_08_09--sp2005_08_03--tt17--c5.screen
LT0094_04	../screens/LT0094_04--ex2006_08_09--sp2005_08_03--tt17--c4.screen
LT0094_44	../screens/LT0094_44--ex2005_08_17--sp2005_08_03--tt17--c5.screen
LT0095_12	../screens/LT0095_12--ex2005_09_30--sp2005_08_04--tt173--c3.screen
LT0095_13	../screens/LT0095_13--ex2005_08_12--sp2005_08_04--tt17--c4.screen
LT0095_14	../screens/LT0095_14--ex2005_08_17--sp2005_08_04--tt173--c3.screen
LT0096_29	../screens/LT0096_29--ex2007_10_31--sp2005_08_25--tt17--c4.screen
LT0096_33	../screens/LT0096_33--ex2005_08_12--sp2005_08_05--tt17--c4.screen
LT0096_35	../screens/LT0096_35--ex2005_09_30--sp2005_08_05--tt17--c4.screen
LT0097_04	../screens/LT0097_04--ex2006_12_08--sp2005_08_08--tt18--c4.screen
LT0097_44	../screens/LT0097_44--ex2005_08_26--sp2005_08_08--tt18--c5.screen
LT0097_48	../screens/LT0097_48--ex2005_09_30--sp2005_08_08--tt17--c4.screen
LT0098_01	../screens/LT0098_01--ex2005_12_16--sp2005_08_09--tt17--c5.screen
LT0098_13	../screens/LT0098_13--ex2005_09_07--sp2005_08_09--tt17--c4.screen
LT0098_14	../screens/LT0098_14--ex2005_09_09--sp2005_08_09--tt17--c4.screen
LT0099_01	../screens/LT0099_01--ex2005_12_16--sp2005_08_10--tt17--c5.screen
LT0099_16	../screens/LT0099_16--ex2005_08_31--sp2005_08_10--tt17--c5.screen
LT0099_20	../screens/LT0099_20--ex2005_09_02--sp2005_08_10--tt17--c5.screen
LT0100_03	../screens/LT0100_03--ex2005_12_16--sp2005_08_11--tt17--c3.screen
LT0100_09	../screens/LT0100_09--ex2006_07_05--sp2005_08_11--tt17--c3.screen
LT0100_12	../screens/LT0100_12--ex2005_08_26--sp2005_08_11--tt17--c4.screen
LT0101_01	../screens/LT0101_01--ex2005_12_16--sp2005_08_15--tt17--c5.screen
LT0101_14	../screens/LT0101_14--ex2005_09_02--sp2005_08_15--tt17--c5.screen
LT0101_15	../screens/LT0101_15--ex2005_09_07--sp2005_08_15--tt17--c4.screen
LT0102_01	../screens/LT0102_01--ex2006_03_15--sp2005_08_15-tt17--c5.screen
LT0102_06	../screens/LT0102_06--ex2005_08_26--sp2005_08_15--tt18--c5.screen
LT0102_09	../screens/LT0102_09--ex2005_08_31--sp2005_08_15--tt17--c5.screen
LT0103_08	../screens/LT0103_08--ex2005_08_31--sp2005_08_16--tt17--c4.screen
LT0103_12	../screens/LT0103_12--ex2005_09_16--sp2005_08_16--tt17--c4.screen
LT0103_13	../screens/LT0103_13--ex2006_11_22--sp2005_08_16--tt19--c4.screen
LT0103_18	../screens/LT0103_18--ex2006_07_07--sp2005_08_16--tt17--c4.screen
LT0104_04	../screens/LT0104_04--ex2006_07_07--sp2005_08_16--tt17--c4.screen
LT0104_14	../screens/LT0104_14--ex2006_11_22--sp2005_08_16--tt19--c4.screen
LT0104_20	../screens/LT0104_20--ex2007_10_24--sp2005_08_16--tt17--c4.screen
LT0104_31	../screens/LT0104_31--ex2005_08_26--sp2005_08_16--tt18--c5.screen
LT0105_04	../screens/LT0105_04--ex2006_02_03--sp2005_08_22--tt17--c3.screen
LT0105_07	../screens/LT0105_07--ex2006_03_17--sp2005_08_22-tt17--c3.screen
LT0105_20	../screens/LT0105_20--ex2006_07_05--sp2005_08_22--tt17--c4.screen
LT0105_27	../screens/LT0105_27--ex2005_09_16--sp2005_08_22--tt17--c5.screen
LT0106_02	../screens/LT0106_02--ex2005_12_07--sp2005_08_22--tt17--c3.screen
LT0106_06	../screens/LT0106_06--ex2006_12_13--sp2005_08_22--tt18--c4.screen
LT0106_10	../screens/LT0106_10--ex2005_09_16--sp2005_08_22--tt17--c4.screen
LT0106_43	../screens/LT0106_43--ex2005_09_07--sp2005_08_22--tt17--c5.screen
LT0107_02	../screens/LT0107_02--ex2005_12_14--sp2005_08_23--tt163--c5.screen
LT0107_17	../screens/LT0107_17--ex2005_09_16--sp2005_08_23--tt17--c5.screen
LT0107_18	../screens/LT0107_18--ex2005_09_21--sp2005_08_23--tt17--c5.screen
LT0108_01	../screens/LT0108_01--ex2006_03_15--sp2005_08_23--tt17--c5.screen
LT0108_02	../screens/LT0108_02--ex2006_12_13--sp2005_08_23--tt18--c4.screen
LT0108_25	../screens/LT0108_25--ex2005_09_16--sp2005_08_23--tt17--c4.screen
LT0108_47	../screens/LT0108_47--ex2005_09_07--sp2005_08_23--tt17--c5.screen
LT0109_13	../screens/LT0109_13--ex2006_07_07--sp2005_08_24--tt17--c5.screen
LT0109_38	../screens/LT0109_38--ex2005_09_21--sp2005_08_24--tt17--c5.screen
LT0109_45	../screens/LT0109_45--ex2005_09_14--sp2005_08_24--tt173--c4.screen
LT0110_01	../screens/LT0110_01--ex2006_03_15--sp2005_08_25--tt17--c3.screen
LT0110_07	../screens/LT0110_07--ex2005_09_07--sp2005_08_25--tt17--c5.screen
LT0110_09	../screens/LT0110_09--ex2005_09_09--sp2005_08_25--tt17--c5.screen
LT0111_08	../screens/LT0111_08--ex2007_10_24--sp2005_08_25--tt17--c4.screen
LT0111_27	../screens/LT0111_27--ex2005_10_05--sp2005_08_25--tt193--c4.screen
LT0111_44	../screens/LT0111_44--ex2005_09_09--sp2005_08_25--tt17--c5.screen
LT0112_01	../screens/LT0112_01--ex2006_03_15--sp2005_09_12--tt17--c3.screen
LT0112_35	../screens/LT0112_35--ex2005_09_28--sp2005_09_12--tt17--c3.screen
LT0112_36	../screens/LT0112_36--ex2005_09_23--sp2005_09_12--tt163--c4.screen
LT0113_01	../screens/LT0113_01--ex2006_03_17--sp2005_08_29--tt17--c3.screen
LT0113_15	../screens/LT0113_15--ex2005_09_07--sp2005_08_29--tt17--c5.screen
LT0113_18	../screens/LT0113_18--ex2005_09_09--sp2005_08_29--tt17--c5.screen
LT0114_31	../screens/LT0114_31--ex2005_10_07--sp2005_08_30-tt17--c5.screen
LT0114_34	../screens/LT0114_34--ex2005_09_14--sp2005_08_30--tt173--c4.screen
LT0114_59	../screens/LT0114_59--ex2006_11_17--sp2006_11_06--tt17--c4.screen
LT0114_62	../screens/LT0114_62--ex2006_11_17--sp2006_11_06--tt17--c5.screen
LT0115_01	../screens/LT0115_01--ex2006_03_17--sp2005_08_30--tt17--c3.screen
LT0115_21	../screens/LT0115_21--ex2005_09_14--sp2005_08_30--tt17--c5.screen
LT0115_23	../screens/LT0115_23--ex2005_09_21--sp2005_08_30--tt17--c4.screen
LT0116_01	../screens/LT0116_01--ex2006_03_17--sp2005_09_01--tt17--c5.screen
LT0116_43	../screens/LT0116_43--ex2005_09_09--sp2005_09_01--tt17--c5.screen
LT0116_47	../screens/LT0116_47--ex2005_09_16--sp2005_09_01--tt17--c5.screen
LT0117_05	../screens/LT0117_05--ex2006_02_01--sp2005_09_01--tt17--c3.screen
LT0117_06	../screens/LT0117_06--ex2006_02_03--sp2005_09_01--tt17--c3.screen
LT0117_15	../screens/LT0117_15--ex2005_09_21--sp2005_09_01--tt17--c5.screen
LT0117_18	../screens/LT0117_18--ex2005_09_28--sp2005_09_01--tt17--c5.screen
LT0118_01	../screens/LT0118_01--ex2006_01_18--sp2005_09_05--tt17--c3.screen
LT0118_23	../screens/LT0118_23--ex2005_09_14--sp2005_09_05--tt17--c5.screen
LT0118_26	../screens/LT0118_26--ex2005_09_28--sp2005_09_05--tt17--c5.screen
LT0119_07	../screens/LT0119_07--ex2006_12_08--sp2005_09_05--tt18--c5.screen
LT0119_13	../screens/LT0119_13--ex2005_09_14--sp2005_09_05--tt17--c5.screen
LT0119_14	../screens/LT0119_14--ex2005_09_21--sp2005_09_05--tt17--c5.screen
LT0120_06	../screens/LT0120_06--ex2005_10_19--sp2005_09_06--tt17--c4.screen
LT0120_07	../screens/LT0120_07--ex2005_09_28--sp2005_09_06--tt17--c5.screen
LT0120_09	../screens/LT0120_09--ex2006_03_22--sp2005_09_06--tt173--c3.screen
LT0121_09	../screens/LT0121_09--ex2006_06_14--sp2005_09_06--tt17--c5.screen
LT0121_37	../screens/LT0121_37--ex2005_09_23--sp2005_09_06--tt163--c4.screen
LT0121_41	../screens/LT0121_41--ex2005_09_21--sp2005_09_06--tt17--c4.screen
LT0122_04	../screens/LT0122_04--ex2005_12_07--sp2005_09_08--tt17--c4.screen
LT0122_11	../screens/LT0122_11--ex2006_07_26--sp2005_09_08--tt17--c4.screen
LT0122_38	../screens/LT0122_38--ex2006_11_29--sp2005_09_08--tt18--c4.screen
LT0122_51	../screens/LT0122_51--ex2007_01_17--sp2006_12_21--tt18--c4.screen
LT0122_55	../screens/LT0122_55--ex2007_01_19--sp2006_12_21--tt19--c4.screen
LT0123_13	../screens/LT0123_13--ex2006_07_07--sp2005_09_08--tt17--c4.screen
LT0123_29	../screens/LT0123_29--ex2005_10_05--sp2005_09_08--tt193--c4.screen
LT0123_32	../screens/LT0123_32--ex2005_09_23--sp2005_09_08--tt17--c5.screen
LT0124_06	../screens/LT0124_06--ex2005_09_28--sp2005_09_13--tt173--c4.screen
LT0124_08	../screens/LT0124_08--ex2006_03_22--sp2005_09_13--tt173--c3.screen
LT0124_19	../screens/LT0124_19--ex2006_07_12--sp2005_09_13--tt17--c3.screen
LT0125_02	../screens/LT0125_02--ex2005_10_26--sp2005_09_13--tt173--c3.screen
LT0125_03	../screens/LT0125_03--ex2005_10_26--sp2005_09_13--tt173--c4.screen
LT0125_41	../screens/LT0125_41--ex2005_09_28--sp2005_09_13--tt173--c4.screen
LT0126_01	../screens/LT0126_01--ex2006_03_22--sp2005_09_15--tt173--c5.screen
LT0126_31	../screens/LT0126_31--ex2005_09_30--sp2005_09_15--tt17--c5.screen
LT0126_38	../screens/LT0126_38--ex2005_09_28--sp2005_09_15--tt17--c3.screen
LT0127_01	../screens/LT0127_01--ex2006_03_22--sp2005_09_15--tt173--c5.screen
LT0127_33	../screens/LT0127_33--ex2005_09_28--sp2005_09_15--tt173--c4.screen
LT0127_43	../screens/LT0127_43--ex2005_09_23--sp2005_09_15--tt17--c5.screen
LT0128_01	../screens/LT0128_01--ex2005_10_26--sp2005_09_19--tt173--c3.screen
LT0128_07	../screens/LT0128_07--ex2006_01_18--sp2005_09_19--tt17--c5.screen
LT0128_08	../screens/LT0128_08--ex2006_12_08--sp2005_09_19--tt18--c5.screen
LT0128_16	../screens/LT0128_16--ex2005_09_30--sp2005_09_19--tt17--c4.screen
LT0129_37	../screens/LT0129_37--ex2005_09_28--sp2005_09_19--tt173--c4.screen
LT0129_50	../screens/LT0129_50--ex2005_08_31--sp2006_08_23--tt17--c3.screen
LT0129_52	../screens/LT0129_52--ex2006_08_30--sp2006_08_23--tt20--c4.screen
LT0130_01	../screens/LT0130_01--ex2005_11_23--sp2005_09_26--tt17--c5.screen
LT0130_02	../screens/LT0130_02--ex2005_10_19--sp2005_09_26--tt17--c3.screen
LT0130_41	../screens/LT0130_41--ex2005_10_12--sp2005_09_26--tt17--c4.screen
LT0131_01	../screens/LT0131_01--ex2006_03_22--sp2005_09_20--tt173--c3.screen
LT0131_42	../screens/LT0131_42--ex2005_09_30--sp2005_09_20--tt17--c5.screen
LT0131_47	../screens/LT0131_47--ex2005_09_28--sp2005_09_20--tt17--c5.screen
LT0132_02	../screens/LT0132_02--ex2005_12_07--sp2005_09_22--tt17--c5.screen
LT0132_04	../screens/LT0132_04--ex2005_10_19--sp2005_09_22-tt17--c3.screen
LT0132_06	../screens/LT0132_06--ex2005_10_19--sp2005_09_22--tt17--c4.screen
LT0132_31	../screens/LT0132_31--ex2005_09_30--sp2005_09_22--tt173--c3.screen
LT0133_01	../screens/LT0133_01--ex2006_03_22--sp2005_09_22--tt173--c3.screen
LT0133_19	../screens/LT0133_19--ex2005_09_30--sp2005_09_22--tt173--c3.screen
LT0133_38	../screens/LT0133_38--ex2005_10_07--sp2005_09_22--tt17--c5.screen
LT0134_01	../screens/LT0134_01--ex2005_10_19--sp2005_10_11--tt17--c3.screen
LT0134_03	../screens/LT0134_03--ex2005_10_21--sp2005_10_11--tt17--c5.screen
LT0134_06	../screens/LT0134_06--ex2005_12_07--sp2005_10_11--tt17--c4.screen
LT0134_07	../screens/LT0134_07--ex2005_12_14--sp2005_10_11--tt163--c5.screen
LT0135_02	../screens/LT0135_02--ex2005_11_23--sp2005_09_27--tt17--c3.screen
LT0135_47	../screens/LT0135_47--ex2005_10_12--sp2005_09_27--tt17--c4.screen
LT0135_48	../screens/LT0135_48--ex2005_10_12--sp2005_09_27--tt17--c5.screen
LT0136_21	../screens/LT0136_21--ex2007_10_24--sp2005_09_30--tt17--c4.screen
LT0136_44	../screens/LT0136_44--ex2005_10_12--sp2005_09_30--tt17--c5.screen
LT0136_45	../screens/LT0136_45--ex2005_10_12--sp2005_09_30--tt17--c4.screen
LT0137_01	../screens/LT0137_01--ex2005_11_23--sp2005_10_04--tt17--c3.screen
LT0137_03	../screens/LT0137_03--ex2006_02_01--sp2005_10_04--tt17--c5.screen
LT0137_05	../screens/LT0137_05--ex2005_10_19--sp2005_10_04--tt17--c5.screen
LT0137_44	../screens/LT0137_44--ex2005_10_12--sp2005_10_04--tt17--c5.screen
LT0138_01	../screens/LT0138_01--ex2005_10_19--sp2005_10_04--tt17--c3.screen
LT0138_02	../screens/LT0138_02--ex2005_11_18--sp2005_10_04--tt173--c4.screen
LT0138_03	../screens/LT0138_03--ex2005_10_19--sp2005_10_04--tt17--c4.screen
LT0138_04	../screens/LT0138_04--ex2005_11_23--sp2005_10_04--tt17--c4.screen
LT0138_46	../screens/LT0138_46--ex2005_10_12--sp2005_10_04--tt17--c4.screen
LT0139_01	../screens/LT0139_01--ex2005_10_19--sp2005_10_06--tt17--c5.screen
LT0139_07	../screens/LT0139_07--ex2006_01_18--sp2005_10_06--tt17--c5.screen
LT0139_08	../screens/LT0139_08--ex2006_07_07--sp2005_10_06--tt17--c5.screen
LT0140_05	../screens/LT0140_05--ex2006_03_22--sp2005_10_10--tt173--c5.screen
LT0140_06	../screens/LT0140_06--ex2005_10_26--sp2005_10_10--tt173--c3.screen
LT0140_10	../screens/LT0140_10--ex2005_10_21--sp2005_10_10--tt17--c3.screen
LT0141_02	../screens/LT0141_02--ex2005_10_21--sp2005_10_10--tt17--c5.screen
LT0141_03	../screens/LT0141_03--ex2005_10_26--sp2005_10_10--tt173--c4.screen
LT0141_04	../screens/LT0141_04--ex2006_03_22--sp2005_10_10--tt173--c5.screen
LT0142_01	../screens/LT0142_01--ex2005_10_21--sp2005_10_11--tt17--c4.screen
LT0142_03	../screens/LT0142_03--ex2005_10_26--sp2005_10_11--tt173--c4.screen
LT0142_06	../screens/LT0142_06--ex2006_03_24--sp2005_10_11--tt17--c3.screen
LT0143_01	../screens/LT0143_01--ex2005_10_21--sp2005_10_13--tt17--c3.screen
LT0143_02	../screens/LT0143_02--ex2005_10_21--sp2005_10_13--tt17--c4.screen
LT0143_05	../screens/LT0143_05--ex2006_03_24--sp2005_10_13-tt17--c3.screen
LT0144_01	../screens/LT0144_01--ex2005_10_26--sp2005_10_13--tt173--c5.screen
LT0144_02	../screens/LT0144_02--ex2005_11_11--sp2005_10_13--tt173--c3.screen
LT0144_04	../screens/LT0144_04--ex2006_02_01--sp2005_10_13--tt17--c5.screen
LT0145_01	../screens/LT0145_01--ex2005_10_26--sp2005_10_14--tt173--c5.screen
LT0145_02	../screens/LT0145_02--ex2006_03_24--sp2005_10_14--tt17--c3.screen
LT0145_04	../screens/LT0145_04--ex2005_11_11--sp2005_10_14--tt173--c5.screen
LT0146_02	../screens/LT0146_02--ex2005_10_26--sp2005_10_14--tt173--c3.screen
LT0146_04	../screens/LT0146_04--ex2005_11_11--sp2005_10_14--tt173--c4.screen
LT0146_06	../screens/LT0146_06--ex2006_03_24--sp2005_10_14--tt17--c5.screen
LT0147_01	../screens/LT0147_01--ex2005_11_16--sp2005_10_17--tt17--c3.screen
LT0147_02	../screens/LT0147_02--ex2005_12_14--sp2005_10_17--tt163--c5.screen
LT0147_03	../screens/LT0147_03--ex2005_11_11--sp2005_10_17--tt173--c4.screen
LT0148_01	../screens/LT0148_01--ex2005_11_16--sp2005_10_17--tt17--c5.screen
LT0148_02	../screens/LT0148_02--ex2005_11_18--sp2005_10_17--tt173--c5.screen
LT0148_11	../screens/LT0148_11--ex2005_11_11--sp2005_10_17--tt173--c5.screen
LT0148_37	../screens/LT0148_37--ex2007_02_09--sp2005_10_17--tt183--c5.screen
LT0148_40	../screens/LT0148_40--ex2007_02_09--sp2005_10_18--tt17--c4.screen
LT0149_01	../screens/LT0149_01--ex2005_11_11--sp2005_10_18--tt173--c3.screen
LT0149_03	../screens/LT0149_03--ex2005_12_07--sp2005_10_18--tt17--c5.screen
LT0149_05	../screens/LT0149_05--ex2006_02_01--sp2005_10_18--tt17--c5.screen
LT0150_02	../screens/LT0150_02--ex2005_11_18--sp2005_10_18--tt173--c3.screen
LT0150_04	../screens/LT0150_04--ex2005_11_18--sp2005_10_18--tt173--c5.screen
LT0150_05	../screens/LT0150_05--ex2006_01_20--sp2005_10_18--tt19--c4.screen
LT0151_06	../screens/LT0151_06--ex2005_12_07--sp2005_09_20--tt17--c3.screen
LT0151_08	../screens/LT0151_08--ex2005_12_09--sp2005_09_20--tt17--c5.screen
LT0151_09	../screens/LT0151_09--ex2006_01_20--sp2005_09_10--tt19--c3.screen
LT0152_04	../screens/LT0152_04--ex2005_12_02--sp2005_09_20--tt17--c4.screen
LT0152_05	../screens/LT0152_05--ex2006_01_20--sp2005_09_20--tt19--c3.screen
LT0152_18	../screens/LT0152_18--ex2005_11_18--sp2005_09_20--tt173--c3.screen
LT0153_01	../screens/LT0153_01--ex2005_11_16--sp2005_10_24--tt17--c5.screen
LT0153_06	../screens/LT0153_06--ex2005_11_11--sp2005_10_24--tt173--c4.screen
LT0153_08	../screens/LT0153_08--ex2006_03_24--sp2005_10_23--tt17--c5.screen
LT0154_02	../screens/LT0154_02--ex2005_11_23--sp2005_10_24--tt17--c3.screen
LT0154_03	../screens/LT0154_03--ex2005_12_07--sp2005_10_24--tt17--c5.screen
LT0154_04	../screens/LT0154_04--ex2005_11_11--sp2005_10_24--tt173--c3.screen
LT0155_03	../screens/LT0155_03--ex2006_01_20--sp2005_10_25--tt19--c3.screen
LT0155_05	../screens/LT0155_05--ex2005_12_09--sp2005_10_25--tt17--c3.screen
LT0156_07	../screens/LT0156_07--ex2005_12_07--sp2005_10_25--tt17--c5.screen
LT0156_08	../screens/LT0156_08--ex2005_12_09--sp2005_10_25--tt17--c3.screen
LT0156_09	../screens/LT0156_09--ex2006_01_18--sp2005_10_25--tt17--c5.screen
LT0157_04	../screens/LT0157_04--ex2006_01_20--sp2005_10_27--tt17--c5.screen
LT0157_05	../screens/LT0157_05--ex2006_01_18--sp2005_10_27--tt17--c3.screen
LT0157_07	../screens/LT0157_07--ex2006_03_24--sp2005_10_17-tt17--c5.screen
LT0158_01	../screens/LT0158_01--ex2005_11_16--sp2005_10_27--tt17--c3.screen
LT0158_03	../screens/LT0158_03--ex2005_11_23--sp2005_10_27--tt17--c3.screen
LT0158_05	../screens/LT0158_05--ex2006_01_18--sp2005_10_27--tt17--c3.screen
LT0159_17	../screens/LT0159_17--ex2006_01_20--sp2006_01_10--tt17--c5.screen
LT0159_49	../screens/LT0159_49--ex2006_01_18--sp2006_01_10--tt17--c5.screen
LT0159_50	../screens/LT0159_50--ex2006_02_01--sp2006_01_10--tt17--c5.screen
LT0170_01	../screens/LT0170_01--ex2006_09_27--sp2006_09_13--tt17--c3.screen
LT0170_07	../screens/LT0170_07--ex2006_09_27--sp2006_09_13--tt17--c5.screen
LT0170_08	../screens/LT0170_08--ex2006_09_27--sp2006_09_13--tt17--c5.screen
LT0170_09	../screens/LT0170_09--ex2006_09_27--sp2006_09_13--tt17--c3.screen
LT0601_01	../screens/LT0601_01--ex2007_01_17--sp2007_01_10-tt18--c4.screen
LT0601_03	../screens/LT0601_03--ex2007_01_24--sp2007_01_09--tt18--c5.screen
LT0601_04	../screens/LT0601_04--ex2007_01_19--sp2007_01_10-tt19--c4.screen
LT0601_05	../screens/LT0601_05--ex2007_01_19--sp2007_01_10-tt19--c5.screen
LT0602_01	../screens/LT0602_01--ex2007_01_17--sp2007_01_10--tt18--c4.screen
LT0602_04	../screens/LT0602_04--ex2007_01_19--sp2007_01_10--tt19--c4.screen
LT0602_05	../screens/LT0602_05--ex2007_01_19--sp2007_01_10--tt19--c5.screen
LT0602_06	../screens/LT0602_06--ex2007_01_24--sp2007_01_10--tt18--c5.screen
LT0603_03	../screens/LT0603_03--ex2007_01_17--sp2007_01_10--tt18--c4.screen
LT0603_04	../screens/LT0603_04--ex2007_01_19--sp2007_01_10--tt19--c5.screen
LT0603_05	../screens/LT0603_05--ex2007_01_19--sp2007_01_10--tt19--c4.screen
LT0603_06	../screens/LT0603_06--ex2007_01_24--sp2007_01_11--tt18--c5.screen
