Dataset:name:AT1G02720	/uod/idr/filesets/idr0032-yang-meristem/20161104-original/Pictures of all GTs/AT1G02720/1.tif
Dataset:name:AT1G02720	/uod/idr/filesets/idr0032-yang-meristem/20161104-original/Pictures of all GTs/AT1G02720/2.tif
Dataset:name:AT1G02720	/uod/idr/filesets/idr0032-yang-meristem/20161104-original/Pictures of all GTs/AT1G02720/3.tif
Dataset:name:AT1G02720	/uod/idr/filesets/idr0032-yang-meristem/20161104-original/Pictures of all GTs/AT1G02720/4.tif
Dataset:name:AT1G02730	/uod/idr/filesets/idr0032-yang-meristem/20161104-original/Pictures of all GTs/At1g02730/1.tif
Dataset:name:AT1G02730	/uod/idr/filesets/idr0032-yang-meristem/20161104-original/Pictures of all GTs/At1g02730/2.tif
Dataset:name:AT1G02730	/uod/idr/filesets/idr0032-yang-meristem/20161104-original/Pictures of all GTs/At1g02730/3.tif
Dataset:name:AT1G02730	/uod/idr/filesets/idr0032-yang-meristem/20161104-original/Pictures of all GTs/At1g02730/4.tif
Dataset:name:AT1G03520	/uod/idr/filesets/idr0032-yang-meristem/20161104-original/Pictures of all GTs/At1g03520/1.tif
Dataset:name:AT1G03520	/uod/idr/filesets/idr0032-yang-meristem/20161104-original/Pictures of all GTs/At1g03520/2.tif
Dataset:name:AT1G03520	/uod/idr/filesets/idr0032-yang-meristem/20161104-original/Pictures of all GTs/At1g03520/3.tif
Dataset:name:AT1G03520	/uod/idr/filesets/idr0032-yang-meristem/20161104-original/Pictures of all GTs/At1g03520/4.tif
Dataset:name:AT1G05170	/uod/idr/filesets/idr0032-yang-meristem/20161104-original/Pictures of all GTs/AT1G05170/1.tif
Dataset:name:AT1G05170	/uod/idr/filesets/idr0032-yang-meristem/20161104-original/Pictures of all GTs/AT1G05170/2.tif
Dataset:name:AT1G05170	/uod/idr/filesets/idr0032-yang-meristem/20161104-original/Pictures of all GTs/AT1G05170/3.tif
Dataset:name:AT1G05570	/uod/idr/filesets/idr0032-yang-meristem/20161104-original/Pictures of all GTs/At1g05570/1.tif
Dataset:name:AT1G05570	/uod/idr/filesets/idr0032-yang-meristem/20161104-original/Pictures of all GTs/At1g05570/2.tif
Dataset:name:AT1G05570	/uod/idr/filesets/idr0032-yang-meristem/20161104-original/Pictures of all GTs/At1g05570/3.tif
Dataset:name:AT1G05570	/uod/idr/filesets/idr0032-yang-meristem/20161104-original/Pictures of all GTs/At1g05570/4.tif
Dataset:name:AT1G06780	/uod/idr/filesets/idr0032-yang-meristem/20161104-original/Pictures of all GTs/At1g06780/1.tif
Dataset:name:AT1G06780	/uod/idr/filesets/idr0032-yang-meristem/20161104-original/Pictures of all GTs/At1g06780/2.tif
Dataset:name:AT1G06780	/uod/idr/filesets/idr0032-yang-meristem/20161104-original/Pictures of all GTs/At1g06780/3.tif
Dataset:name:AT1G06780	/uod/idr/filesets/idr0032-yang-meristem/20161104-original/Pictures of all GTs/At1g06780/4.tif
Dataset:name:AT1G08280	/uod/idr/filesets/idr0032-yang-meristem/20161104-original/Pictures of all GTs/At1g08280/1.tif
Dataset:name:AT1G08280	/uod/idr/filesets/idr0032-yang-meristem/20161104-original/Pictures of all GTs/At1g08280/2.tif
Dataset:name:AT1G08280	/uod/idr/filesets/idr0032-yang-meristem/20161104-original/Pictures of all GTs/At1g08280/3.tif
Dataset:name:AT1G08280	/uod/idr/filesets/idr0032-yang-meristem/20161104-original/Pictures of all GTs/At1g08280/4.tif
Dataset:name:AT1G08660	/uod/idr/filesets/idr0032-yang-meristem/20161104-original/Pictures of all GTs/At1g08660/1.TIF
Dataset:name:AT1G08660	/uod/idr/filesets/idr0032-yang-meristem/20161104-original/Pictures of all GTs/At1g08660/2.tif
Dataset:name:AT1G08660	/uod/idr/filesets/idr0032-yang-meristem/20161104-original/Pictures of all GTs/At1g08660/3.TIF
Dataset:name:AT1G08660	/uod/idr/filesets/idr0032-yang-meristem/20161104-original/Pictures of all GTs/At1g08660/4.TIF
Dataset:name:AT1G11730	/uod/idr/filesets/idr0032-yang-meristem/20161104-original/Pictures of all GTs/At1g11730/1.tif
Dataset:name:AT1G11730	/uod/idr/filesets/idr0032-yang-meristem/20161104-original/Pictures of all GTs/At1g11730/2.tif
Dataset:name:AT1G11730	/uod/idr/filesets/idr0032-yang-meristem/20161104-original/Pictures of all GTs/At1g11730/3.tif
Dataset:name:AT1G11730	/uod/idr/filesets/idr0032-yang-meristem/20161104-original/Pictures of all GTs/At1g11730/4.tif
Dataset:name:AT1G13250	/uod/idr/filesets/idr0032-yang-meristem/20161104-original/Pictures of all GTs/AT1G13250/1.tif
Dataset:name:AT1G13250	/uod/idr/filesets/idr0032-yang-meristem/20161104-original/Pictures of all GTs/AT1G13250/2.tif
Dataset:name:AT1G13250	/uod/idr/filesets/idr0032-yang-meristem/20161104-original/Pictures of all GTs/AT1G13250/3.tif
Dataset:name:AT1G13250	/uod/idr/filesets/idr0032-yang-meristem/20161104-original/Pictures of all GTs/AT1G13250/4.tif
Dataset:name:AT1G14070	/uod/idr/filesets/idr0032-yang-meristem/20161104-original/Pictures of all GTs/At1g14070/1.tif
Dataset:name:AT1G14070	/uod/idr/filesets/idr0032-yang-meristem/20161104-original/Pictures of all GTs/At1g14070/2.tif
Dataset:name:AT1G14070	/uod/idr/filesets/idr0032-yang-meristem/20161104-original/Pictures of all GTs/At1g14070/3.tif
Dataset:name:AT1G14070	/uod/idr/filesets/idr0032-yang-meristem/20161104-original/Pictures of all GTs/At1g14070/4.tif
Dataset:name:AT1G14590	/uod/idr/filesets/idr0032-yang-meristem/20161104-original/Pictures of all GTs/At1g14590/1.tif
Dataset:name:AT1G14590	/uod/idr/filesets/idr0032-yang-meristem/20161104-original/Pictures of all GTs/At1g14590/2.tif
Dataset:name:AT1G14590	/uod/idr/filesets/idr0032-yang-meristem/20161104-original/Pictures of all GTs/At1g14590/3.tif
Dataset:name:AT1G14590	/uod/idr/filesets/idr0032-yang-meristem/20161104-original/Pictures of all GTs/At1g14590/4.tif
Dataset:name:AT1G18580	/uod/idr/filesets/idr0032-yang-meristem/20161104-original/Pictures of all GTs/At1g18580/1.tif
Dataset:name:AT1G18580	/uod/idr/filesets/idr0032-yang-meristem/20161104-original/Pictures of all GTs/At1g18580/2.tif
Dataset:name:AT1G18580	/uod/idr/filesets/idr0032-yang-meristem/20161104-original/Pictures of all GTs/At1g18580/3.tif
Dataset:name:AT1G18580	/uod/idr/filesets/idr0032-yang-meristem/20161104-original/Pictures of all GTs/At1g18580/4.tif
Dataset:name:AT1G18690	/uod/idr/filesets/idr0032-yang-meristem/20161104-original/Pictures of all GTs/At1g18690/1.tif
Dataset:name:AT1G18690	/uod/idr/filesets/idr0032-yang-meristem/20161104-original/Pictures of all GTs/At1g18690/2.tif
Dataset:name:AT1G18690	/uod/idr/filesets/idr0032-yang-meristem/20161104-original/Pictures of all GTs/At1g18690/3.tif
Dataset:name:AT1G18690	/uod/idr/filesets/idr0032-yang-meristem/20161104-original/Pictures of all GTs/At1g18690/4.tif
Dataset:name:AT1G19360	/uod/idr/filesets/idr0032-yang-meristem/20161104-original/Pictures of all GTs/At1g19360/1.tif
Dataset:name:AT1G19360	/uod/idr/filesets/idr0032-yang-meristem/20161104-original/Pictures of all GTs/At1g19360/2.tif
Dataset:name:AT1G19360	/uod/idr/filesets/idr0032-yang-meristem/20161104-original/Pictures of all GTs/At1g19360/3.tif
Dataset:name:AT1G19360	/uod/idr/filesets/idr0032-yang-meristem/20161104-original/Pictures of all GTs/At1g19360/4.tif
Dataset:name:AT1G20575	/uod/idr/filesets/idr0032-yang-meristem/20161104-original/Pictures of all GTs/At1g20575/1.tif
Dataset:name:AT1G20575	/uod/idr/filesets/idr0032-yang-meristem/20161104-original/Pictures of all GTs/At1g20575/2.tif
Dataset:name:AT1G20575	/uod/idr/filesets/idr0032-yang-meristem/20161104-original/Pictures of all GTs/At1g20575/3.tif
Dataset:name:AT1G20575	/uod/idr/filesets/idr0032-yang-meristem/20161104-original/Pictures of all GTs/At1g20575/4.tif
Dataset:name:AT1G21480	/uod/idr/filesets/idr0032-yang-meristem/20161104-original/Pictures of all GTs/At1g21480/1.tif
Dataset:name:AT1G21480	/uod/idr/filesets/idr0032-yang-meristem/20161104-original/Pictures of all GTs/At1g21480/2.tif
Dataset:name:AT1G21480	/uod/idr/filesets/idr0032-yang-meristem/20161104-original/Pictures of all GTs/At1g21480/3.tif
Dataset:name:AT1G21480	/uod/idr/filesets/idr0032-yang-meristem/20161104-original/Pictures of all GTs/At1g21480/4.tif
Dataset:name:AT1G24070	/uod/idr/filesets/idr0032-yang-meristem/20161104-original/Pictures of all GTs/At1g24070/1.tif
Dataset:name:AT1G24070	/uod/idr/filesets/idr0032-yang-meristem/20161104-original/Pictures of all GTs/At1g24070/2.tif
Dataset:name:AT1G24070	/uod/idr/filesets/idr0032-yang-meristem/20161104-original/Pictures of all GTs/At1g24070/3.tif
Dataset:name:AT1G24070	/uod/idr/filesets/idr0032-yang-meristem/20161104-original/Pictures of all GTs/At1g24070/4.tif
Dataset:name:AT1G24170	/uod/idr/filesets/idr0032-yang-meristem/20161104-original/Pictures of all GTs/AT1G24170/1.tif
Dataset:name:AT1G24170	/uod/idr/filesets/idr0032-yang-meristem/20161104-original/Pictures of all GTs/AT1G24170/2.tif
Dataset:name:AT1G24170	/uod/idr/filesets/idr0032-yang-meristem/20161104-original/Pictures of all GTs/AT1G24170/3.tif
Dataset:name:AT1G24170	/uod/idr/filesets/idr0032-yang-meristem/20161104-original/Pictures of all GTs/AT1G24170/4.tif
Dataset:name:AT1G27440	/uod/idr/filesets/idr0032-yang-meristem/20161104-original/Pictures of all GTs/At1g27440/1.tif
Dataset:name:AT1G27440	/uod/idr/filesets/idr0032-yang-meristem/20161104-original/Pictures of all GTs/At1g27440/2.tif
Dataset:name:AT1G27440	/uod/idr/filesets/idr0032-yang-meristem/20161104-original/Pictures of all GTs/At1g27440/3.tif
Dataset:name:AT1G27440	/uod/idr/filesets/idr0032-yang-meristem/20161104-original/Pictures of all GTs/At1g27440/4.tif
Dataset:name:AT1G27600	/uod/idr/filesets/idr0032-yang-meristem/20161104-original/Pictures of all GTs/At1g27600/1.tif
Dataset:name:AT1G27600	/uod/idr/filesets/idr0032-yang-meristem/20161104-original/Pictures of all GTs/At1g27600/2.tif
Dataset:name:AT1G27600	/uod/idr/filesets/idr0032-yang-meristem/20161104-original/Pictures of all GTs/At1g27600/3.tif
Dataset:name:AT1G27600	/uod/idr/filesets/idr0032-yang-meristem/20161104-original/Pictures of all GTs/At1g27600/4.tif
Dataset:name:AT1G32930	/uod/idr/filesets/idr0032-yang-meristem/20161104-original/Pictures of all GTs/At1g32930/1.tif
Dataset:name:AT1G32930	/uod/idr/filesets/idr0032-yang-meristem/20161104-original/Pictures of all GTs/At1g32930/2'.tif
Dataset:name:AT1G32930	/uod/idr/filesets/idr0032-yang-meristem/20161104-original/Pictures of all GTs/At1g32930/3.tif
Dataset:name:AT1G32930	/uod/idr/filesets/idr0032-yang-meristem/20161104-original/Pictures of all GTs/At1g32930/4.tif
Dataset:name:AT1G33250	/uod/idr/filesets/idr0032-yang-meristem/20161104-original/Pictures of all GTs/At1g33250/1.tif
Dataset:name:AT1G33250	/uod/idr/filesets/idr0032-yang-meristem/20161104-original/Pictures of all GTs/At1g33250/2.tif
Dataset:name:AT1G33250	/uod/idr/filesets/idr0032-yang-meristem/20161104-original/Pictures of all GTs/At1g33250/3.tif
Dataset:name:AT1G33250	/uod/idr/filesets/idr0032-yang-meristem/20161104-original/Pictures of all GTs/At1g33250/4.tif
Dataset:name:AT1G53290	/uod/idr/filesets/idr0032-yang-meristem/20161104-original/Pictures of all GTs/At1g53290/1.tif
Dataset:name:AT1G53290	/uod/idr/filesets/idr0032-yang-meristem/20161104-original/Pictures of all GTs/At1g53290/2.tif
Dataset:name:AT1G53290	/uod/idr/filesets/idr0032-yang-meristem/20161104-original/Pictures of all GTs/At1g53290/3.tif
Dataset:name:AT1G70090	/uod/idr/filesets/idr0032-yang-meristem/20161104-original/Pictures of all GTs/AT1G70090/1.tif
Dataset:name:AT1G70090	/uod/idr/filesets/idr0032-yang-meristem/20161104-original/Pictures of all GTs/AT1G70090/2.tif
Dataset:name:AT1G70090	/uod/idr/filesets/idr0032-yang-meristem/20161104-original/Pictures of all GTs/AT1G70090/3.tif
Dataset:name:AT1G70090	/uod/idr/filesets/idr0032-yang-meristem/20161104-original/Pictures of all GTs/AT1G70090/4.tif
Dataset:name:AT1G70630	/uod/idr/filesets/idr0032-yang-meristem/20161104-original/Pictures of all GTs/At1g70630/1.tif
Dataset:name:AT1G70630	/uod/idr/filesets/idr0032-yang-meristem/20161104-original/Pictures of all GTs/At1g70630/2.tif
Dataset:name:AT1G70630	/uod/idr/filesets/idr0032-yang-meristem/20161104-original/Pictures of all GTs/At1g70630/3.tif
Dataset:name:AT1G70630	/uod/idr/filesets/idr0032-yang-meristem/20161104-original/Pictures of all GTs/At1g70630/4.tif
Dataset:name:AT1G71070	/uod/idr/filesets/idr0032-yang-meristem/20161104-original/Pictures of all GTs/At1g71070/1.tif
Dataset:name:AT1G71070	/uod/idr/filesets/idr0032-yang-meristem/20161104-original/Pictures of all GTs/At1g71070/2.tif
Dataset:name:AT1G71070	/uod/idr/filesets/idr0032-yang-meristem/20161104-original/Pictures of all GTs/At1g71070/3.tif
Dataset:name:AT1G71070	/uod/idr/filesets/idr0032-yang-meristem/20161104-original/Pictures of all GTs/At1g71070/4.tif
Dataset:name:AT1G74380	/uod/idr/filesets/idr0032-yang-meristem/20161104-original/Pictures of all GTs/At1g74380/1.tif
Dataset:name:AT1G74380	/uod/idr/filesets/idr0032-yang-meristem/20161104-original/Pictures of all GTs/At1g74380/2.tif
Dataset:name:AT1G74380	/uod/idr/filesets/idr0032-yang-meristem/20161104-original/Pictures of all GTs/At1g74380/3.tif
Dataset:name:AT1G74380	/uod/idr/filesets/idr0032-yang-meristem/20161104-original/Pictures of all GTs/At1g74380/4.tif
Dataset:name:AT1G74420	/uod/idr/filesets/idr0032-yang-meristem/20161104-original/Pictures of all GTs/At1g74420/1.tif
Dataset:name:AT1G74420	/uod/idr/filesets/idr0032-yang-meristem/20161104-original/Pictures of all GTs/At1g74420/2.tif
Dataset:name:AT1G74420	/uod/idr/filesets/idr0032-yang-meristem/20161104-original/Pictures of all GTs/At1g74420/3.tif
Dataset:name:AT1G74420	/uod/idr/filesets/idr0032-yang-meristem/20161104-original/Pictures of all GTs/At1g74420/4.tif
Dataset:name:AT1G74680	/uod/idr/filesets/idr0032-yang-meristem/20161104-original/Pictures of all GTs/At1g74680/1.tif
Dataset:name:AT1G74680	/uod/idr/filesets/idr0032-yang-meristem/20161104-original/Pictures of all GTs/At1g74680/2.tif
Dataset:name:AT1G74680	/uod/idr/filesets/idr0032-yang-meristem/20161104-original/Pictures of all GTs/At1g74680/3.tif
Dataset:name:AT1G74680	/uod/idr/filesets/idr0032-yang-meristem/20161104-original/Pictures of all GTs/At1g74680/4.tif
Dataset:name:AT1G74800	/uod/idr/filesets/idr0032-yang-meristem/20161104-original/Pictures of all GTs/At1g74800/1.tif
Dataset:name:AT1G74800	/uod/idr/filesets/idr0032-yang-meristem/20161104-original/Pictures of all GTs/At1g74800/2.tif
Dataset:name:AT1G74800	/uod/idr/filesets/idr0032-yang-meristem/20161104-original/Pictures of all GTs/At1g74800/3.TIF
Dataset:name:AT1G74800	/uod/idr/filesets/idr0032-yang-meristem/20161104-original/Pictures of all GTs/At1g74800/4.tif
Dataset:name:AT1G75110	/uod/idr/filesets/idr0032-yang-meristem/20161104-original/Pictures of all GTs/At1g75110/1.tif
Dataset:name:AT1G75110	/uod/idr/filesets/idr0032-yang-meristem/20161104-original/Pictures of all GTs/At1g75110/2.tif
Dataset:name:AT1G75110	/uod/idr/filesets/idr0032-yang-meristem/20161104-original/Pictures of all GTs/At1g75110/3.tif
Dataset:name:AT1G75110	/uod/idr/filesets/idr0032-yang-meristem/20161104-original/Pictures of all GTs/At1g75110/4.tif
Dataset:name:AT1G75120	/uod/idr/filesets/idr0032-yang-meristem/20161104-original/Pictures of all GTs/At1g75120/1.tif
Dataset:name:AT1G75120	/uod/idr/filesets/idr0032-yang-meristem/20161104-original/Pictures of all GTs/At1g75120/2.tif
Dataset:name:AT1G75120	/uod/idr/filesets/idr0032-yang-meristem/20161104-original/Pictures of all GTs/At1g75120/3.tif
Dataset:name:AT1G75120	/uod/idr/filesets/idr0032-yang-meristem/20161104-original/Pictures of all GTs/At1g75120/4.tif
Dataset:name:AT1G77130	/uod/idr/filesets/idr0032-yang-meristem/20161104-original/Pictures of all GTs/At1g77130/1.tif
Dataset:name:AT1G77130	/uod/idr/filesets/idr0032-yang-meristem/20161104-original/Pictures of all GTs/At1g77130/2.tif
Dataset:name:AT1G77130	/uod/idr/filesets/idr0032-yang-meristem/20161104-original/Pictures of all GTs/At1g77130/3.tif
Dataset:name:AT1G77130	/uod/idr/filesets/idr0032-yang-meristem/20161104-original/Pictures of all GTs/At1g77130/4.tif
Dataset:name:AT2G02060	/uod/idr/filesets/idr0032-yang-meristem/20161104-original/Pictures of all GTs/At2g02060/1.tif
Dataset:name:AT2G02060	/uod/idr/filesets/idr0032-yang-meristem/20161104-original/Pictures of all GTs/At2g02060/2.tif
Dataset:name:AT2G02060	/uod/idr/filesets/idr0032-yang-meristem/20161104-original/Pictures of all GTs/At2g02060/3.tif
Dataset:name:AT2G02060	/uod/idr/filesets/idr0032-yang-meristem/20161104-original/Pictures of all GTs/At2g02060/4.tif
Dataset:name:AT2G03220	/uod/idr/filesets/idr0032-yang-meristem/20161104-original/Pictures of all GTs/At2g03220/1.tif
Dataset:name:AT2G03220	/uod/idr/filesets/idr0032-yang-meristem/20161104-original/Pictures of all GTs/At2g03220/2.tif
Dataset:name:AT2G03220	/uod/idr/filesets/idr0032-yang-meristem/20161104-original/Pictures of all GTs/At2g03220/3.tif
Dataset:name:AT2G03220	/uod/idr/filesets/idr0032-yang-meristem/20161104-original/Pictures of all GTs/At2g03220/4.tif
Dataset:name:AT2G20370	/uod/idr/filesets/idr0032-yang-meristem/20161104-original/Pictures of all GTs/At2g20370/1.tif
Dataset:name:AT2G20370	/uod/idr/filesets/idr0032-yang-meristem/20161104-original/Pictures of all GTs/At2g20370/2.tif
Dataset:name:AT2G20370	/uod/idr/filesets/idr0032-yang-meristem/20161104-original/Pictures of all GTs/At2g20370/3.tif
Dataset:name:AT2G20370	/uod/idr/filesets/idr0032-yang-meristem/20161104-original/Pictures of all GTs/At2g20370/4.tif
Dataset:name:AT2G20810	/uod/idr/filesets/idr0032-yang-meristem/20161104-original/Pictures of all GTs/At2g20810/1.tif
Dataset:name:AT2G20810	/uod/idr/filesets/idr0032-yang-meristem/20161104-original/Pictures of all GTs/At2g20810/2.tif
Dataset:name:AT2G20810	/uod/idr/filesets/idr0032-yang-meristem/20161104-original/Pictures of all GTs/At2g20810/3.tif
Dataset:name:AT2G20810	/uod/idr/filesets/idr0032-yang-meristem/20161104-original/Pictures of all GTs/At2g20810/4.tif
Dataset:name:AT2G22900	/uod/idr/filesets/idr0032-yang-meristem/20161104-original/Pictures of all GTs/At2g22900/1.tif
Dataset:name:AT2G22900	/uod/idr/filesets/idr0032-yang-meristem/20161104-original/Pictures of all GTs/At2g22900/2.tif
Dataset:name:AT2G22900	/uod/idr/filesets/idr0032-yang-meristem/20161104-original/Pictures of all GTs/At2g22900/3.tif
Dataset:name:AT2G22900	/uod/idr/filesets/idr0032-yang-meristem/20161104-original/Pictures of all GTs/At2g22900/4.tif
Dataset:name:AT2G24630	/uod/idr/filesets/idr0032-yang-meristem/20161104-original/Pictures of all GTs/At2g24630/1.tif
Dataset:name:AT2G24630	/uod/idr/filesets/idr0032-yang-meristem/20161104-original/Pictures of all GTs/At2g24630/2.tif
Dataset:name:AT2G24630	/uod/idr/filesets/idr0032-yang-meristem/20161104-original/Pictures of all GTs/At2g24630/3.tif
Dataset:name:AT2G24630	/uod/idr/filesets/idr0032-yang-meristem/20161104-original/Pictures of all GTs/At2g24630/4.tif
Dataset:name:AT2G25300	/uod/idr/filesets/idr0032-yang-meristem/20161104-original/Pictures of all GTs/At2g25300/1.tif
Dataset:name:AT2G25300	/uod/idr/filesets/idr0032-yang-meristem/20161104-original/Pictures of all GTs/At2g25300/2.tif
Dataset:name:AT2G25300	/uod/idr/filesets/idr0032-yang-meristem/20161104-original/Pictures of all GTs/At2g25300/3.tif
Dataset:name:AT2G25300	/uod/idr/filesets/idr0032-yang-meristem/20161104-original/Pictures of all GTs/At2g25300/4.tif
Dataset:name:AT2G26100	/uod/idr/filesets/idr0032-yang-meristem/20161104-original/Pictures of all GTs/At2g26100/1.tif
Dataset:name:AT2G26100	/uod/idr/filesets/idr0032-yang-meristem/20161104-original/Pictures of all GTs/At2g26100/2.tif
Dataset:name:AT2G26100	/uod/idr/filesets/idr0032-yang-meristem/20161104-original/Pictures of all GTs/At2g26100/3.tif
Dataset:name:AT2G26100	/uod/idr/filesets/idr0032-yang-meristem/20161104-original/Pictures of all GTs/At2g26100/4.tif
Dataset:name:AT2G31960	/uod/idr/filesets/idr0032-yang-meristem/20161104-original/Pictures of all GTs/At2g31960/1.tif
Dataset:name:AT2G31960	/uod/idr/filesets/idr0032-yang-meristem/20161104-original/Pictures of all GTs/At2g31960/2.tif
Dataset:name:AT2G31960	/uod/idr/filesets/idr0032-yang-meristem/20161104-original/Pictures of all GTs/At2g31960/3.tif
Dataset:name:AT2G31960	/uod/idr/filesets/idr0032-yang-meristem/20161104-original/Pictures of all GTs/At2g31960/4.tif
Dataset:name:AT2G31990	/uod/idr/filesets/idr0032-yang-meristem/20161104-original/Pictures of all GTs/At2g31990/2-1.tif
Dataset:name:AT2G31990	/uod/idr/filesets/idr0032-yang-meristem/20161104-original/Pictures of all GTs/At2g31990/2-2.tif
Dataset:name:AT2G31990	/uod/idr/filesets/idr0032-yang-meristem/20161104-original/Pictures of all GTs/At2g31990/2-3.tif
Dataset:name:AT2G31990	/uod/idr/filesets/idr0032-yang-meristem/20161104-original/Pictures of all GTs/At2g31990/2-4.tif
Dataset:name:AT2G31990	/uod/idr/filesets/idr0032-yang-meristem/20161104-original/Pictures of all GTs/At2g31990/2-5.tif
Dataset:name:AT2G32430	/uod/idr/filesets/idr0032-yang-meristem/20161104-original/Pictures of all GTs/At2g32430/1.tif
Dataset:name:AT2G32430	/uod/idr/filesets/idr0032-yang-meristem/20161104-original/Pictures of all GTs/At2g32430/2.tif
Dataset:name:AT2G32430	/uod/idr/filesets/idr0032-yang-meristem/20161104-original/Pictures of all GTs/At2g32430/3.tif
Dataset:name:AT2G32430	/uod/idr/filesets/idr0032-yang-meristem/20161104-original/Pictures of all GTs/At2g32430/4.tif
Dataset:name:AT2G33570	/uod/idr/filesets/idr0032-yang-meristem/20161104-original/Pictures of all GTs/AT2G33570/1.tif
Dataset:name:AT2G33570	/uod/idr/filesets/idr0032-yang-meristem/20161104-original/Pictures of all GTs/AT2G33570/2.tif
Dataset:name:AT2G33570	/uod/idr/filesets/idr0032-yang-meristem/20161104-original/Pictures of all GTs/AT2G33570/3.tif
Dataset:name:AT2G33570	/uod/idr/filesets/idr0032-yang-meristem/20161104-original/Pictures of all GTs/AT2G33570/4.tif
Dataset:name:AT2G35100	/uod/idr/filesets/idr0032-yang-meristem/20161104-original/Pictures of all GTs/At2g35100/1.tif
Dataset:name:AT2G35100	/uod/idr/filesets/idr0032-yang-meristem/20161104-original/Pictures of all GTs/At2g35100/2.tif
Dataset:name:AT2G35100	/uod/idr/filesets/idr0032-yang-meristem/20161104-original/Pictures of all GTs/At2g35100/3.tif
Dataset:name:AT2G35100	/uod/idr/filesets/idr0032-yang-meristem/20161104-original/Pictures of all GTs/At2g35100/4.tif
Dataset:name:AT2G35610	/uod/idr/filesets/idr0032-yang-meristem/20161104-original/Pictures of all GTs/At2g35610/1.tif
Dataset:name:AT2G35610	/uod/idr/filesets/idr0032-yang-meristem/20161104-original/Pictures of all GTs/At2g35610/2.tif
Dataset:name:AT2G35610	/uod/idr/filesets/idr0032-yang-meristem/20161104-original/Pictures of all GTs/At2g35610/3.tif
Dataset:name:AT2G35610	/uod/idr/filesets/idr0032-yang-meristem/20161104-original/Pictures of all GTs/At2g35610/4.tif
Dataset:name:AT2G35650	/uod/idr/filesets/idr0032-yang-meristem/20161104-original/Pictures of all GTs/At2g35650/1.tif
Dataset:name:AT2G35650	/uod/idr/filesets/idr0032-yang-meristem/20161104-original/Pictures of all GTs/At2g35650/2.tif
Dataset:name:AT2G35650	/uod/idr/filesets/idr0032-yang-meristem/20161104-original/Pictures of all GTs/At2g35650/3.tif
Dataset:name:AT2G35650	/uod/idr/filesets/idr0032-yang-meristem/20161104-original/Pictures of all GTs/At2g35650/4.tif
Dataset:name:AT2G36850	/uod/idr/filesets/idr0032-yang-meristem/20161104-original/Pictures of all GTs/At2g36850/1.tif
Dataset:name:AT2G36850	/uod/idr/filesets/idr0032-yang-meristem/20161104-original/Pictures of all GTs/At2g36850/2.tif
Dataset:name:AT2G36850	/uod/idr/filesets/idr0032-yang-meristem/20161104-original/Pictures of all GTs/At2g36850/3.tif
Dataset:name:AT2G36850	/uod/idr/filesets/idr0032-yang-meristem/20161104-original/Pictures of all GTs/At2g36850/4.tif
Dataset:name:AT2G38650	/uod/idr/filesets/idr0032-yang-meristem/20161104-original/Pictures of all GTs/At2g38650/1.tif
Dataset:name:AT2G38650	/uod/idr/filesets/idr0032-yang-meristem/20161104-original/Pictures of all GTs/At2g38650/2.tif
Dataset:name:AT2G38650	/uod/idr/filesets/idr0032-yang-meristem/20161104-original/Pictures of all GTs/At2g38650/3.tif
Dataset:name:AT2G38650	/uod/idr/filesets/idr0032-yang-meristem/20161104-original/Pictures of all GTs/At2g38650/4.tif
Dataset:name:AT2G39630	/uod/idr/filesets/idr0032-yang-meristem/20161104-original/Pictures of all GTs/At2g39630/1.tif
Dataset:name:AT2G39630	/uod/idr/filesets/idr0032-yang-meristem/20161104-original/Pictures of all GTs/At2g39630/2.tif
Dataset:name:AT2G39630	/uod/idr/filesets/idr0032-yang-meristem/20161104-original/Pictures of all GTs/At2g39630/3.tif
Dataset:name:AT2G39630	/uod/idr/filesets/idr0032-yang-meristem/20161104-original/Pictures of all GTs/At2g39630/4.tif
Dataset:name:AT3G01040	/uod/idr/filesets/idr0032-yang-meristem/20161104-original/Pictures of all GTs/At3g01040/1.tif
Dataset:name:AT3G01040	/uod/idr/filesets/idr0032-yang-meristem/20161104-original/Pictures of all GTs/At3g01040/2.tif
Dataset:name:AT3G01040	/uod/idr/filesets/idr0032-yang-meristem/20161104-original/Pictures of all GTs/At3g01040/3.tif
Dataset:name:AT3G01040	/uod/idr/filesets/idr0032-yang-meristem/20161104-original/Pictures of all GTs/At3g01040/4.tif
Dataset:name:AT3G02350	/uod/idr/filesets/idr0032-yang-meristem/20161104-original/Pictures of all GTs/At3g02350/1.tif
Dataset:name:AT3G02350	/uod/idr/filesets/idr0032-yang-meristem/20161104-original/Pictures of all GTs/At3g02350/2.tif
Dataset:name:AT3G02350	/uod/idr/filesets/idr0032-yang-meristem/20161104-original/Pictures of all GTs/At3g02350/3.tif
Dataset:name:AT3G02350	/uod/idr/filesets/idr0032-yang-meristem/20161104-original/Pictures of all GTs/At3g02350/4.tif
Dataset:name:AT3G03050	/uod/idr/filesets/idr0032-yang-meristem/20161104-original/Pictures of all GTs/At3g03050/1.tif
Dataset:name:AT3G03050	/uod/idr/filesets/idr0032-yang-meristem/20161104-original/Pictures of all GTs/At3g03050/2.tif
Dataset:name:AT3G03050	/uod/idr/filesets/idr0032-yang-meristem/20161104-original/Pictures of all GTs/At3g03050/3.tif
Dataset:name:AT3G03050	/uod/idr/filesets/idr0032-yang-meristem/20161104-original/Pictures of all GTs/At3g03050/4.tif
Dataset:name:AT3G06440	/uod/idr/filesets/idr0032-yang-meristem/20161104-original/Pictures of all GTs/At3g06440/1.tif
Dataset:name:AT3G06440	/uod/idr/filesets/idr0032-yang-meristem/20161104-original/Pictures of all GTs/At3g06440/2.tif
Dataset:name:AT3G06440	/uod/idr/filesets/idr0032-yang-meristem/20161104-original/Pictures of all GTs/At3g06440/3.tif
Dataset:name:AT3G06440	/uod/idr/filesets/idr0032-yang-meristem/20161104-original/Pictures of all GTs/At3g06440/4.tif
Dataset:name:AT3G07160	/uod/idr/filesets/idr0032-yang-meristem/20170105-original/AT3G07160/1.tif
Dataset:name:AT3G07160	/uod/idr/filesets/idr0032-yang-meristem/20170105-original/AT3G07160/2.tif
Dataset:name:AT3G07160	/uod/idr/filesets/idr0032-yang-meristem/20170105-original/AT3G07160/3.tif
Dataset:name:AT3G07160	/uod/idr/filesets/idr0032-yang-meristem/20170105-original/AT3G07160/4.tif
Dataset:name:AT3G07330	/uod/idr/filesets/idr0032-yang-meristem/20161104-original/Pictures of all GTs/At3g07330/1.tif
Dataset:name:AT3G07330	/uod/idr/filesets/idr0032-yang-meristem/20161104-original/Pictures of all GTs/At3g07330/2.tif
Dataset:name:AT3G07330	/uod/idr/filesets/idr0032-yang-meristem/20161104-original/Pictures of all GTs/At3g07330/3.tif
Dataset:name:AT3G07330	/uod/idr/filesets/idr0032-yang-meristem/20161104-original/Pictures of all GTs/At3g07330/4.tif
Dataset:name:AT3G11420	/uod/idr/filesets/idr0032-yang-meristem/20161104-original/Pictures of all GTs/At3g11420/1.tif
Dataset:name:AT3G11420	/uod/idr/filesets/idr0032-yang-meristem/20161104-original/Pictures of all GTs/At3g11420/2.tif
Dataset:name:AT3G11420	/uod/idr/filesets/idr0032-yang-meristem/20161104-original/Pictures of all GTs/At3g11420/3.tif
Dataset:name:AT3G11420	/uod/idr/filesets/idr0032-yang-meristem/20161104-original/Pictures of all GTs/At3g11420/4.tif
Dataset:name:AT3G14960	/uod/idr/filesets/idr0032-yang-meristem/20161104-original/Pictures of all GTs/At3g14960/1.tif
Dataset:name:AT3G14960	/uod/idr/filesets/idr0032-yang-meristem/20161104-original/Pictures of all GTs/At3g14960/2.tif
Dataset:name:AT3G14960	/uod/idr/filesets/idr0032-yang-meristem/20161104-original/Pictures of all GTs/At3g14960/3.tif
Dataset:name:AT3G14960	/uod/idr/filesets/idr0032-yang-meristem/20161104-original/Pictures of all GTs/At3g14960/4.tif
Dataset:name:AT3G15350	/uod/idr/filesets/idr0032-yang-meristem/20161104-original/Pictures of all GTs/At3g15350/1.tif
Dataset:name:AT3G15350	/uod/idr/filesets/idr0032-yang-meristem/20161104-original/Pictures of all GTs/At3g15350/2.tif
Dataset:name:AT3G15350	/uod/idr/filesets/idr0032-yang-meristem/20161104-original/Pictures of all GTs/At3g15350/3.tif
Dataset:name:AT3G15350	/uod/idr/filesets/idr0032-yang-meristem/20161104-original/Pictures of all GTs/At3g15350/4.tif
Dataset:name:AT3G24040	/uod/idr/filesets/idr0032-yang-meristem/20161104-original/Pictures of all GTs/At3g24040/1.tif
Dataset:name:AT3G24040	/uod/idr/filesets/idr0032-yang-meristem/20161104-original/Pictures of all GTs/At3g24040/2.tif
Dataset:name:AT3G24040	/uod/idr/filesets/idr0032-yang-meristem/20161104-original/Pictures of all GTs/At3g24040/3.tif
Dataset:name:AT3G24040	/uod/idr/filesets/idr0032-yang-meristem/20161104-original/Pictures of all GTs/At3g24040/4.tif
Dataset:name:AT3G25140	/uod/idr/filesets/idr0032-yang-meristem/20161104-original/Pictures of all GTs/At3g25140/1.tif
Dataset:name:AT3G25140	/uod/idr/filesets/idr0032-yang-meristem/20161104-original/Pictures of all GTs/At3g25140/2.tif
Dataset:name:AT3G25140	/uod/idr/filesets/idr0032-yang-meristem/20161104-original/Pictures of all GTs/At3g25140/3.tif
Dataset:name:AT3G25140	/uod/idr/filesets/idr0032-yang-meristem/20161104-original/Pictures of all GTs/At3g25140/4.tif
Dataset:name:AT3G28180	/uod/idr/filesets/idr0032-yang-meristem/20161104-original/Pictures of all GTs/At3g28180/1.tif
Dataset:name:AT3G28180	/uod/idr/filesets/idr0032-yang-meristem/20161104-original/Pictures of all GTs/At3g28180/2.tif
Dataset:name:AT3G28180	/uod/idr/filesets/idr0032-yang-meristem/20161104-original/Pictures of all GTs/At3g28180/3.tif
Dataset:name:AT3G28180	/uod/idr/filesets/idr0032-yang-meristem/20161104-original/Pictures of all GTs/At3g28180/4.tif
Dataset:name:AT3G45400	/uod/idr/filesets/idr0032-yang-meristem/20161104-original/Pictures of all GTs/At3g45400/1.tif
Dataset:name:AT3G45400	/uod/idr/filesets/idr0032-yang-meristem/20161104-original/Pictures of all GTs/At3g45400/2.tif
Dataset:name:AT3G45400	/uod/idr/filesets/idr0032-yang-meristem/20161104-original/Pictures of all GTs/At3g45400/3.tif
Dataset:name:AT3G45400	/uod/idr/filesets/idr0032-yang-meristem/20161104-original/Pictures of all GTs/At3g45400/4.tif
Dataset:name:AT3G48820	/uod/idr/filesets/idr0032-yang-meristem/20161104-original/Pictures of all GTs/At3g48820/1.tif
Dataset:name:AT3G48820	/uod/idr/filesets/idr0032-yang-meristem/20161104-original/Pictures of all GTs/At3g48820/2.tif
Dataset:name:AT3G48820	/uod/idr/filesets/idr0032-yang-meristem/20161104-original/Pictures of all GTs/At3g48820/3.tif
Dataset:name:AT3G48820	/uod/idr/filesets/idr0032-yang-meristem/20161104-original/Pictures of all GTs/At3g48820/4.tif
Dataset:name:AT3G57630	/uod/idr/filesets/idr0032-yang-meristem/20161104-original/Pictures of all GTs/At3g57630/1.tif
Dataset:name:AT3G57630	/uod/idr/filesets/idr0032-yang-meristem/20161104-original/Pictures of all GTs/At3g57630/2.tif
Dataset:name:AT3G57630	/uod/idr/filesets/idr0032-yang-meristem/20161104-original/Pictures of all GTs/At3g57630/3.tif
Dataset:name:AT3G57630	/uod/idr/filesets/idr0032-yang-meristem/20161104-original/Pictures of all GTs/At3g57630/4.tif
Dataset:name:AT3G58790	/uod/idr/filesets/idr0032-yang-meristem/20161104-original/Pictures of all GTs/At3g58790/1.tif
Dataset:name:AT3G58790	/uod/idr/filesets/idr0032-yang-meristem/20161104-original/Pictures of all GTs/At3g58790/2.tif
Dataset:name:AT3G58790	/uod/idr/filesets/idr0032-yang-meristem/20161104-original/Pictures of all GTs/At3g58790/3.tif
Dataset:name:AT3G58790	/uod/idr/filesets/idr0032-yang-meristem/20161104-original/Pictures of all GTs/At3g58790/4.tif
Dataset:name:AT3G59100	/uod/idr/filesets/idr0032-yang-meristem/20161104-original/Pictures of all GTs/At3g59100/1.tif
Dataset:name:AT3G59100	/uod/idr/filesets/idr0032-yang-meristem/20161104-original/Pictures of all GTs/At3g59100/2.tif
Dataset:name:AT3G59100	/uod/idr/filesets/idr0032-yang-meristem/20161104-original/Pictures of all GTs/At3g59100/3.tif
Dataset:name:AT3G59100	/uod/idr/filesets/idr0032-yang-meristem/20161104-original/Pictures of all GTs/At3g59100/4.tif
Dataset:name:AT3G61130	/uod/idr/filesets/idr0032-yang-meristem/20161104-original/Pictures of all GTs/AT3G61130/1.tif
Dataset:name:AT3G61130	/uod/idr/filesets/idr0032-yang-meristem/20161104-original/Pictures of all GTs/AT3G61130/2.tif
Dataset:name:AT3G61130	/uod/idr/filesets/idr0032-yang-meristem/20161104-original/Pictures of all GTs/AT3G61130/3.tif
Dataset:name:AT3G61130	/uod/idr/filesets/idr0032-yang-meristem/20161104-original/Pictures of all GTs/AT3G61130/4.tif
Dataset:name:AT3G62660	/uod/idr/filesets/idr0032-yang-meristem/20161104-original/Pictures of all GTs/AT3G62660/1.tif
Dataset:name:AT3G62660	/uod/idr/filesets/idr0032-yang-meristem/20161104-original/Pictures of all GTs/AT3G62660/2.tif
Dataset:name:AT3G62660	/uod/idr/filesets/idr0032-yang-meristem/20161104-original/Pictures of all GTs/AT3G62660/3.tif
Dataset:name:AT3G62660	/uod/idr/filesets/idr0032-yang-meristem/20161104-original/Pictures of all GTs/AT3G62660/4.tif
Dataset:name:AT3G62720	/uod/idr/filesets/idr0032-yang-meristem/20161104-original/Pictures of all GTs/At3g62720/1.tif
Dataset:name:AT3G62720	/uod/idr/filesets/idr0032-yang-meristem/20161104-original/Pictures of all GTs/At3g62720/2.tif
Dataset:name:AT3G62720	/uod/idr/filesets/idr0032-yang-meristem/20161104-original/Pictures of all GTs/At3g62720/3.tif
Dataset:name:AT3G62720	/uod/idr/filesets/idr0032-yang-meristem/20161104-original/Pictures of all GTs/At3g62720/4.tif
Dataset:name:AT4G00300	/uod/idr/filesets/idr0032-yang-meristem/20161104-original/Pictures of all GTs/AT4G00300/1.tif
Dataset:name:AT4G00300	/uod/idr/filesets/idr0032-yang-meristem/20161104-original/Pictures of all GTs/AT4G00300/2.tif
Dataset:name:AT4G00300	/uod/idr/filesets/idr0032-yang-meristem/20161104-original/Pictures of all GTs/AT4G00300/3.tif
Dataset:name:AT4G00300	/uod/idr/filesets/idr0032-yang-meristem/20161104-original/Pictures of all GTs/AT4G00300/4.tif
Dataset:name:AT4G01220	/uod/idr/filesets/idr0032-yang-meristem/20161104-original/Pictures of all GTs/At4g01220/1.tif
Dataset:name:AT4G01220	/uod/idr/filesets/idr0032-yang-meristem/20161104-original/Pictures of all GTs/At4g01220/2.tif
Dataset:name:AT4G01220	/uod/idr/filesets/idr0032-yang-meristem/20161104-original/Pictures of all GTs/At4g01220/3.tif
Dataset:name:AT4G01220	/uod/idr/filesets/idr0032-yang-meristem/20161104-original/Pictures of all GTs/At4g01220/4.tif
Dataset:name:AT4G02130	/uod/idr/filesets/idr0032-yang-meristem/20161104-original/Pictures of all GTs/AT4G02130/1.tif
Dataset:name:AT4G02130	/uod/idr/filesets/idr0032-yang-meristem/20161104-original/Pictures of all GTs/AT4G02130/2.tif
Dataset:name:AT4G02130	/uod/idr/filesets/idr0032-yang-meristem/20161104-original/Pictures of all GTs/AT4G02130/3.tif
Dataset:name:AT4G02500	/uod/idr/filesets/idr0032-yang-meristem/20161104-original/Pictures of all GTs/At4g02500/1.tif
Dataset:name:AT4G02500	/uod/idr/filesets/idr0032-yang-meristem/20161104-original/Pictures of all GTs/At4g02500/2.tif
Dataset:name:AT4G02500	/uod/idr/filesets/idr0032-yang-meristem/20161104-original/Pictures of all GTs/At4g02500/3.tif
Dataset:name:AT4G02500	/uod/idr/filesets/idr0032-yang-meristem/20161104-original/Pictures of all GTs/At4g02500/4.tif
Dataset:name:AT4G03550	/uod/idr/filesets/idr0032-yang-meristem/20161104-original/Pictures of all GTs/At4g03550/1'.tif
Dataset:name:AT4G03550	/uod/idr/filesets/idr0032-yang-meristem/20161104-original/Pictures of all GTs/At4g03550/2.tif
Dataset:name:AT4G03550	/uod/idr/filesets/idr0032-yang-meristem/20161104-original/Pictures of all GTs/At4g03550/3.tif
Dataset:name:AT4G03550	/uod/idr/filesets/idr0032-yang-meristem/20161104-original/Pictures of all GTs/At4g03550/4.tif
Dataset:name:AT4G04970	/uod/idr/filesets/idr0032-yang-meristem/20161104-original/Pictures of all GTs/At4g04970/1.tif
Dataset:name:AT4G04970	/uod/idr/filesets/idr0032-yang-meristem/20161104-original/Pictures of all GTs/At4g04970/2.tif
Dataset:name:AT4G04970	/uod/idr/filesets/idr0032-yang-meristem/20161104-original/Pictures of all GTs/At4g04970/3.tif
Dataset:name:AT4G04970	/uod/idr/filesets/idr0032-yang-meristem/20161104-original/Pictures of all GTs/At4g04970/4.tif
Dataset:name:AT4G11350	/uod/idr/filesets/idr0032-yang-meristem/20161104-original/Pictures of all GTs/At4g11350/1.tif
Dataset:name:AT4G11350	/uod/idr/filesets/idr0032-yang-meristem/20161104-original/Pictures of all GTs/At4g11350/2.tif
Dataset:name:AT4G11350	/uod/idr/filesets/idr0032-yang-meristem/20161104-original/Pictures of all GTs/At4g11350/3.tif
Dataset:name:AT4G11350	/uod/idr/filesets/idr0032-yang-meristem/20161104-original/Pictures of all GTs/At4g11350/4.tif
Dataset:name:AT4G13990	/uod/idr/filesets/idr0032-yang-meristem/20161104-original/Pictures of all GTs/At4g13990/1.tif
Dataset:name:AT4G13990	/uod/idr/filesets/idr0032-yang-meristem/20161104-original/Pictures of all GTs/At4g13990/2.tif
Dataset:name:AT4G13990	/uod/idr/filesets/idr0032-yang-meristem/20161104-original/Pictures of all GTs/At4g13990/3.tif
Dataset:name:AT4G13990	/uod/idr/filesets/idr0032-yang-meristem/20161104-original/Pictures of all GTs/At4g13990/4.tif
Dataset:name:AT4G15240	/uod/idr/filesets/idr0032-yang-meristem/20161104-original/Pictures of all GTs/At4g15240/1.tif
Dataset:name:AT4G15240	/uod/idr/filesets/idr0032-yang-meristem/20161104-original/Pictures of all GTs/At4g15240/2.tif
Dataset:name:AT4G15240	/uod/idr/filesets/idr0032-yang-meristem/20161104-original/Pictures of all GTs/At4g15240/3.tif
Dataset:name:AT4G15240	/uod/idr/filesets/idr0032-yang-meristem/20161104-original/Pictures of all GTs/At4g15240/4.tif
Dataset:name:AT4G20170	/uod/idr/filesets/idr0032-yang-meristem/20161104-original/Pictures of all GTs/AT4G20170/1.tif
Dataset:name:AT4G20170	/uod/idr/filesets/idr0032-yang-meristem/20161104-original/Pictures of all GTs/AT4G20170/2.tif
Dataset:name:AT4G20170	/uod/idr/filesets/idr0032-yang-meristem/20161104-original/Pictures of all GTs/AT4G20170/3.tif
Dataset:name:AT4G20170	/uod/idr/filesets/idr0032-yang-meristem/20161104-original/Pictures of all GTs/AT4G20170/4.tif
Dataset:name:AT4G21060	/uod/idr/filesets/idr0032-yang-meristem/20161104-original/Pictures of all GTs/At4g21060/1.tif
Dataset:name:AT4G21060	/uod/idr/filesets/idr0032-yang-meristem/20161104-original/Pictures of all GTs/At4g21060/2.tif
Dataset:name:AT4G21060	/uod/idr/filesets/idr0032-yang-meristem/20161104-original/Pictures of all GTs/At4g21060/3.tif
Dataset:name:AT4G21060	/uod/idr/filesets/idr0032-yang-meristem/20161104-original/Pictures of all GTs/At4g21060/4.tif
Dataset:name:AT4G22580	/uod/idr/filesets/idr0032-yang-meristem/20161104-original/Pictures of all GTs/At4g22580/1.tif
Dataset:name:AT4G22580	/uod/idr/filesets/idr0032-yang-meristem/20161104-original/Pictures of all GTs/At4g22580/2.tif
Dataset:name:AT4G22580	/uod/idr/filesets/idr0032-yang-meristem/20161104-original/Pictures of all GTs/At4g22580/3.tif
Dataset:name:AT4G22580	/uod/idr/filesets/idr0032-yang-meristem/20161104-original/Pictures of all GTs/At4g22580/4.tif
Dataset:name:AT4G24000	/uod/idr/filesets/idr0032-yang-meristem/20161104-original/Pictures of all GTs/At4g24000/1.tif
Dataset:name:AT4G24000	/uod/idr/filesets/idr0032-yang-meristem/20161104-original/Pictures of all GTs/At4g24000/2.tif
Dataset:name:AT4G24000	/uod/idr/filesets/idr0032-yang-meristem/20161104-original/Pictures of all GTs/At4g24000/3.tif
Dataset:name:AT4G24000	/uod/idr/filesets/idr0032-yang-meristem/20161104-original/Pictures of all GTs/At4g24000/4.tif
Dataset:name:AT4G26940	/uod/idr/filesets/idr0032-yang-meristem/20161104-original/Pictures of all GTs/At4g26940/1.tif
Dataset:name:AT4G26940	/uod/idr/filesets/idr0032-yang-meristem/20161104-original/Pictures of all GTs/At4g26940/2.tif
Dataset:name:AT4G26940	/uod/idr/filesets/idr0032-yang-meristem/20161104-original/Pictures of all GTs/At4g26940/3.tif
Dataset:name:AT4G26940	/uod/idr/filesets/idr0032-yang-meristem/20161104-original/Pictures of all GTs/At4g26940/4.tif
Dataset:name:AT4G31590	/uod/idr/filesets/idr0032-yang-meristem/20161104-original/Pictures of all GTs/At4g31590/1.tif
Dataset:name:AT4G31590	/uod/idr/filesets/idr0032-yang-meristem/20161104-original/Pictures of all GTs/At4g31590/2.tif
Dataset:name:AT4G31590	/uod/idr/filesets/idr0032-yang-meristem/20161104-original/Pictures of all GTs/At4g31590/3.tif
Dataset:name:AT4G31590	/uod/idr/filesets/idr0032-yang-meristem/20161104-original/Pictures of all GTs/At4g31590/4.tif
Dataset:name:AT4G32410	/uod/idr/filesets/idr0032-yang-meristem/20161104-original/Pictures of all GTs/At4g32410/1.tif
Dataset:name:AT4G32410	/uod/idr/filesets/idr0032-yang-meristem/20161104-original/Pictures of all GTs/At4g32410/2.tif
Dataset:name:AT4G32410	/uod/idr/filesets/idr0032-yang-meristem/20161104-original/Pictures of all GTs/At4g32410/3.tif
Dataset:name:AT4G32410	/uod/idr/filesets/idr0032-yang-meristem/20161104-original/Pictures of all GTs/At4g32410/4.tif
Dataset:name:AT4G36890	/uod/idr/filesets/idr0032-yang-meristem/20161104-original/Pictures of all GTs/At4g36890/1.tif
Dataset:name:AT4G36890	/uod/idr/filesets/idr0032-yang-meristem/20161104-original/Pictures of all GTs/At4g36890/2.tif
Dataset:name:AT4G36890	/uod/idr/filesets/idr0032-yang-meristem/20161104-original/Pictures of all GTs/At4g36890/3.tif
Dataset:name:AT4G36890	/uod/idr/filesets/idr0032-yang-meristem/20161104-original/Pictures of all GTs/At4g36890/4.tif
Dataset:name:AT4G38040	/uod/idr/filesets/idr0032-yang-meristem/20161104-original/Pictures of all GTs/At4g38040/1.tif
Dataset:name:AT4G38040	/uod/idr/filesets/idr0032-yang-meristem/20161104-original/Pictures of all GTs/At4g38040/2.tif
Dataset:name:AT4G38040	/uod/idr/filesets/idr0032-yang-meristem/20161104-original/Pictures of all GTs/At4g38040/3.tif
Dataset:name:AT4G38040	/uod/idr/filesets/idr0032-yang-meristem/20161104-original/Pictures of all GTs/At4g38040/4.tif
Dataset:name:AT4G38270	/uod/idr/filesets/idr0032-yang-meristem/20161104-original/Pictures of all GTs/At4g38270/1.tif
Dataset:name:AT4G38270	/uod/idr/filesets/idr0032-yang-meristem/20161104-original/Pictures of all GTs/At4g38270/2.tif
Dataset:name:AT4G38270	/uod/idr/filesets/idr0032-yang-meristem/20161104-original/Pictures of all GTs/At4g38270/3.tif
Dataset:name:AT4G38270	/uod/idr/filesets/idr0032-yang-meristem/20161104-original/Pictures of all GTs/At4g38270/4.tif
Dataset:name:AT5G03800	/uod/idr/filesets/idr0032-yang-meristem/20161104-original/Pictures of all GTs/At5g03800/1.tif
Dataset:name:AT5G03800	/uod/idr/filesets/idr0032-yang-meristem/20161104-original/Pictures of all GTs/At5g03800/2.tif
Dataset:name:AT5G03800	/uod/idr/filesets/idr0032-yang-meristem/20161104-original/Pictures of all GTs/At5g03800/3.tif
Dataset:name:AT5G03800	/uod/idr/filesets/idr0032-yang-meristem/20161104-original/Pictures of all GTs/At5g03800/4.tif
Dataset:name:AT5G05170	/uod/idr/filesets/idr0032-yang-meristem/20161104-original/Pictures of all GTs/At5g05170/1.tif
Dataset:name:AT5G05170	/uod/idr/filesets/idr0032-yang-meristem/20161104-original/Pictures of all GTs/At5g05170/2.tif
Dataset:name:AT5G05170	/uod/idr/filesets/idr0032-yang-meristem/20161104-original/Pictures of all GTs/At5g05170/3.tif
Dataset:name:AT5G05170	/uod/idr/filesets/idr0032-yang-meristem/20161104-original/Pictures of all GTs/At5g05170/4.tif
Dataset:name:AT5G09870	/uod/idr/filesets/idr0032-yang-meristem/20161104-original/Pictures of all GTs/AT5G09870/1.tif
Dataset:name:AT5G09870	/uod/idr/filesets/idr0032-yang-meristem/20161104-original/Pictures of all GTs/AT5G09870/2.tif
Dataset:name:AT5G09870	/uod/idr/filesets/idr0032-yang-meristem/20161104-original/Pictures of all GTs/AT5G09870/3.tif
Dataset:name:AT5G09870	/uod/idr/filesets/idr0032-yang-meristem/20161104-original/Pictures of all GTs/AT5G09870/4.tif
Dataset:name:AT5G13000	/uod/idr/filesets/idr0032-yang-meristem/20161104-original/Pictures of all GTs/At5g13000/1.tif
Dataset:name:AT5G13000	/uod/idr/filesets/idr0032-yang-meristem/20161104-original/Pictures of all GTs/At5g13000/2.tif
Dataset:name:AT5G13000	/uod/idr/filesets/idr0032-yang-meristem/20161104-original/Pictures of all GTs/At5g13000/3.tif
Dataset:name:AT5G13000	/uod/idr/filesets/idr0032-yang-meristem/20161104-original/Pictures of all GTs/At5g13000/4.tif
Dataset:name:AT5G15050	/uod/idr/filesets/idr0032-yang-meristem/20161104-original/Pictures of all GTs/At5g15050/1.tif
Dataset:name:AT5G15050	/uod/idr/filesets/idr0032-yang-meristem/20161104-original/Pictures of all GTs/At5g15050/2.tif
Dataset:name:AT5G15050	/uod/idr/filesets/idr0032-yang-meristem/20161104-original/Pictures of all GTs/At5g15050/3.tif
Dataset:name:AT5G15050	/uod/idr/filesets/idr0032-yang-meristem/20161104-original/Pictures of all GTs/At5g15050/4.tif
Dataset:name:AT5G15470	/uod/idr/filesets/idr0032-yang-meristem/20170105-original/AT5G15470/1.tif
Dataset:name:AT5G15470	/uod/idr/filesets/idr0032-yang-meristem/20170105-original/AT5G15470/2.tif
Dataset:name:AT5G15470	/uod/idr/filesets/idr0032-yang-meristem/20170105-original/AT5G15470/3.tif
Dataset:name:AT5G15470	/uod/idr/filesets/idr0032-yang-meristem/20170105-original/AT5G15470/4.tif
Dataset:name:AT5G16890	/uod/idr/filesets/idr0032-yang-meristem/20161104-original/Pictures of all GTs/At5g16890/1.tif
Dataset:name:AT5G16890	/uod/idr/filesets/idr0032-yang-meristem/20161104-original/Pictures of all GTs/At5g16890/2.tif
Dataset:name:AT5G16890	/uod/idr/filesets/idr0032-yang-meristem/20161104-original/Pictures of all GTs/At5g16890/3.tif
Dataset:name:AT5G16890	/uod/idr/filesets/idr0032-yang-meristem/20161104-original/Pictures of all GTs/At5g16890/4.tif
Dataset:name:AT5G16910	/uod/idr/filesets/idr0032-yang-meristem/20161104-original/Pictures of all GTs/At5g16910/1.tif
Dataset:name:AT5G16910	/uod/idr/filesets/idr0032-yang-meristem/20161104-original/Pictures of all GTs/At5g16910/2.tif
Dataset:name:AT5G16910	/uod/idr/filesets/idr0032-yang-meristem/20161104-original/Pictures of all GTs/At5g16910/3.tif
Dataset:name:AT5G16910	/uod/idr/filesets/idr0032-yang-meristem/20161104-original/Pictures of all GTs/At5g16910/4.tif
Dataset:name:AT5G18480	/uod/idr/filesets/idr0032-yang-meristem/20161104-original/Pictures of all GTs/AT5G18480/1.tif
Dataset:name:AT5G18480	/uod/idr/filesets/idr0032-yang-meristem/20161104-original/Pictures of all GTs/AT5G18480/2.tif
Dataset:name:AT5G18480	/uod/idr/filesets/idr0032-yang-meristem/20161104-original/Pictures of all GTs/AT5G18480/3.tif
Dataset:name:AT5G18480	/uod/idr/filesets/idr0032-yang-meristem/20161104-original/Pictures of all GTs/AT5G18480/4.tif
Dataset:name:AT5G22740	/uod/idr/filesets/idr0032-yang-meristem/20161104-original/Pictures of all GTs/At5g22740/1.tif
Dataset:name:AT5G22740	/uod/idr/filesets/idr0032-yang-meristem/20161104-original/Pictures of all GTs/At5g22740/2.tif
Dataset:name:AT5G22740	/uod/idr/filesets/idr0032-yang-meristem/20161104-original/Pictures of all GTs/At5g22740/3.tif
Dataset:name:AT5G22740	/uod/idr/filesets/idr0032-yang-meristem/20161104-original/Pictures of all GTs/At5g22740/4.tif
Dataset:name:AT5G22940	/uod/idr/filesets/idr0032-yang-meristem/20161104-original/Pictures of all GTs/At5g22940/1.tif
Dataset:name:AT5G22940	/uod/idr/filesets/idr0032-yang-meristem/20161104-original/Pictures of all GTs/At5g22940/2.tif
Dataset:name:AT5G22940	/uod/idr/filesets/idr0032-yang-meristem/20161104-original/Pictures of all GTs/At5g22940/3.tif
Dataset:name:AT5G22940	/uod/idr/filesets/idr0032-yang-meristem/20161104-original/Pictures of all GTs/At5g22940/4.tif
Dataset:name:AT5G33290	/uod/idr/filesets/idr0032-yang-meristem/20161104-original/Pictures of all GTs/At5g33290/1.tif
Dataset:name:AT5G33290	/uod/idr/filesets/idr0032-yang-meristem/20161104-original/Pictures of all GTs/At5g33290/2.tif
Dataset:name:AT5G33290	/uod/idr/filesets/idr0032-yang-meristem/20161104-original/Pictures of all GTs/At5g33290/3.tif
Dataset:name:AT5G33290	/uod/idr/filesets/idr0032-yang-meristem/20161104-original/Pictures of all GTs/At5g33290/4.tif
Dataset:name:AT5G37000	/uod/idr/filesets/idr0032-yang-meristem/20161104-original/Pictures of all GTs/At5g37000/1.tif
Dataset:name:AT5G37000	/uod/idr/filesets/idr0032-yang-meristem/20161104-original/Pictures of all GTs/At5g37000/2.tif
Dataset:name:AT5G37000	/uod/idr/filesets/idr0032-yang-meristem/20161104-original/Pictures of all GTs/At5g37000/3.tif
Dataset:name:AT5G37000	/uod/idr/filesets/idr0032-yang-meristem/20161104-original/Pictures of all GTs/At5g37000/4.tif
Dataset:name:AT5G39990	/uod/idr/filesets/idr0032-yang-meristem/20161104-original/Pictures of all GTs/At5g39990/1.tif
Dataset:name:AT5G39990	/uod/idr/filesets/idr0032-yang-meristem/20161104-original/Pictures of all GTs/At5g39990/2.tif
Dataset:name:AT5G39990	/uod/idr/filesets/idr0032-yang-meristem/20161104-original/Pictures of all GTs/At5g39990/3.tif
Dataset:name:AT5G39990	/uod/idr/filesets/idr0032-yang-meristem/20161104-original/Pictures of all GTs/At5g39990/4.tif
Dataset:name:AT5G41460	/uod/idr/filesets/idr0032-yang-meristem/20161104-original/Pictures of all GTs/At5g41460/1.tif
Dataset:name:AT5G41460	/uod/idr/filesets/idr0032-yang-meristem/20161104-original/Pictures of all GTs/At5g41460/2.tif
Dataset:name:AT5G41460	/uod/idr/filesets/idr0032-yang-meristem/20161104-original/Pictures of all GTs/At5g41460/3.tif
Dataset:name:AT5G41460	/uod/idr/filesets/idr0032-yang-meristem/20161104-original/Pictures of all GTs/At5g41460/4.tif
Dataset:name:AT5G44670	/uod/idr/filesets/idr0032-yang-meristem/20161104-original/Pictures of all GTs/AT5G44670/1.tif
Dataset:name:AT5G44670	/uod/idr/filesets/idr0032-yang-meristem/20161104-original/Pictures of all GTs/AT5G44670/2.tif
Dataset:name:AT5G44670	/uod/idr/filesets/idr0032-yang-meristem/20161104-original/Pictures of all GTs/AT5G44670/3.tif
Dataset:name:AT5G44670	/uod/idr/filesets/idr0032-yang-meristem/20161104-original/Pictures of all GTs/AT5G44670/4.tif
Dataset:name:AT5G44930	/uod/idr/filesets/idr0032-yang-meristem/20161104-original/Pictures of all GTs/At5g44930/1.tif
Dataset:name:AT5G44930	/uod/idr/filesets/idr0032-yang-meristem/20161104-original/Pictures of all GTs/At5g44930/2.tif
Dataset:name:AT5G44930	/uod/idr/filesets/idr0032-yang-meristem/20161104-original/Pictures of all GTs/At5g44930/3.tif
Dataset:name:AT5G44930	/uod/idr/filesets/idr0032-yang-meristem/20161104-original/Pictures of all GTs/At5g44930/4.tif
Dataset:name:AT5G47780	/uod/idr/filesets/idr0032-yang-meristem/20161104-original/Pictures of all GTs/At5g47780/1.tif
Dataset:name:AT5G47780	/uod/idr/filesets/idr0032-yang-meristem/20161104-original/Pictures of all GTs/At5g47780/2.tif
Dataset:name:AT5G47780	/uod/idr/filesets/idr0032-yang-meristem/20161104-original/Pictures of all GTs/At5g47780/3.tif
Dataset:name:AT5G47780	/uod/idr/filesets/idr0032-yang-meristem/20161104-original/Pictures of all GTs/At5g47780/4.tif
Dataset:name:AT5G53340	/uod/idr/filesets/idr0032-yang-meristem/20161104-original/Pictures of all GTs/At5g53340/1.tif
Dataset:name:AT5G53340	/uod/idr/filesets/idr0032-yang-meristem/20161104-original/Pictures of all GTs/At5g53340/2.tif
Dataset:name:AT5G53340	/uod/idr/filesets/idr0032-yang-meristem/20161104-original/Pictures of all GTs/At5g53340/3.tif
Dataset:name:AT5G53340	/uod/idr/filesets/idr0032-yang-meristem/20161104-original/Pictures of all GTs/At5g53340/4.tif
Dataset:name:AT5G61840	/uod/idr/filesets/idr0032-yang-meristem/20161104-original/Pictures of all GTs/AT5g61840/1.tif
Dataset:name:AT5G61840	/uod/idr/filesets/idr0032-yang-meristem/20161104-original/Pictures of all GTs/AT5g61840/2.tif
Dataset:name:AT5G61840	/uod/idr/filesets/idr0032-yang-meristem/20161104-original/Pictures of all GTs/AT5g61840/3.tif
Dataset:name:AT5G61840	/uod/idr/filesets/idr0032-yang-meristem/20161104-original/Pictures of all GTs/AT5g61840/4.tif
Dataset:name:AT5G62220	/uod/idr/filesets/idr0032-yang-meristem/20161104-original/Pictures of all GTs/AT5G62220/1.tif
Dataset:name:AT5G62220	/uod/idr/filesets/idr0032-yang-meristem/20161104-original/Pictures of all GTs/AT5G62220/2'.tif
Dataset:name:AT5G62220	/uod/idr/filesets/idr0032-yang-meristem/20161104-original/Pictures of all GTs/AT5G62220/3.tif
Dataset:name:AT5G62220	/uod/idr/filesets/idr0032-yang-meristem/20161104-original/Pictures of all GTs/AT5G62220/4.tif
Dataset:name:AT5G62620	/uod/idr/filesets/idr0032-yang-meristem/20161104-original/Pictures of all GTs/At5g62620/1.tif
Dataset:name:AT5G62620	/uod/idr/filesets/idr0032-yang-meristem/20161104-original/Pictures of all GTs/At5g62620/2.tif
Dataset:name:AT5G62620	/uod/idr/filesets/idr0032-yang-meristem/20161104-original/Pictures of all GTs/At5g62620/3.tif
Dataset:name:AT5G62620	/uod/idr/filesets/idr0032-yang-meristem/20161104-original/Pictures of all GTs/At5g62620/4.tif
Dataset:name:AT5G64740	/uod/idr/filesets/idr0032-yang-meristem/20161104-original/Pictures of all GTs/At5g64740/1.tif
Dataset:name:AT5G64740	/uod/idr/filesets/idr0032-yang-meristem/20161104-original/Pictures of all GTs/At5g64740/2.tif
Dataset:name:AT5G64740	/uod/idr/filesets/idr0032-yang-meristem/20161104-original/Pictures of all GTs/At5g64740/3.tif
Dataset:name:AT5G64740	/uod/idr/filesets/idr0032-yang-meristem/20161104-original/Pictures of all GTs/At5g64740/4.tif
Dataset:name:AT5G67230	/uod/idr/filesets/idr0032-yang-meristem/20161104-original/Pictures of all GTs/At5g67230/1.tif
Dataset:name:AT5G67230	/uod/idr/filesets/idr0032-yang-meristem/20161104-original/Pictures of all GTs/At5g67230/2.tif
Dataset:name:AT5G67230	/uod/idr/filesets/idr0032-yang-meristem/20161104-original/Pictures of all GTs/At5g67230/3.tif
Dataset:name:AT5G67230	/uod/idr/filesets/idr0032-yang-meristem/20161104-original/Pictures of all GTs/At5g67230/4.tif