20585	../screens/20585.screen
20586	../screens/20586.screen
20589	../screens/20589.screen
20590	../screens/20590.screen
20591	../screens/20591.screen
20592	../screens/20592.screen
20593	../screens/20593.screen
20594	../screens/20594.screen
20595	../screens/20595.screen
20596	../screens/20596.screen
20607	../screens/20607.screen
20608	../screens/20608.screen
20625	../screens/20625.screen
20626	../screens/20626.screen
20630	../screens/20630.screen
20633	../screens/20633.screen
20639	../screens/20639.screen
20640	../screens/20640.screen
20641	../screens/20641.screen
20646	../screens/20646.screen