Primary_001	/uod/idr/filesets/idr0005-toret-adhesion/20150520-original-jcb/v2/001/2011-04-19/422/2011-04-19-plate-1.HTD
Primary_002	/uod/idr/filesets/idr0005-toret-adhesion/20150520-original-jcb/v2/002/2011-04-14/389/2011-04-13-plate-2.HTD
Primary_003	/uod/idr/filesets/idr0005-toret-adhesion/20150520-original-jcb/v2/003/2011-04-18/405/2011-04-18-plate-3.HTD
Primary_004	/uod/idr/filesets/idr0005-toret-adhesion/20150520-original-jcb/v2/004/2011-04-18/410/2011-04-18-plate-4.HTD
Primary_005	/uod/idr/filesets/idr0005-toret-adhesion/20150520-original-jcb/v2/005/2011-04-19/426/2011-04-19-plate-5.HTD
Primary_006	/uod/idr/filesets/idr0005-toret-adhesion/20150520-original-jcb/v2/006/2011-04-19/423/2011-04-19-plate-6.HTD
Primary_007	/uod/idr/filesets/idr0005-toret-adhesion/20150520-original-jcb/v2/007/2011-04-19/431/2011-04-19-plate-7.HTD
Primary_008	/uod/idr/filesets/idr0005-toret-adhesion/20150520-original-jcb/v2/008/2011-04-13/386/2011-04-13-plate-8.HTD
Primary_009	/uod/idr/filesets/idr0005-toret-adhesion/20150520-original-jcb/v2/009/2011-04-13/387/2011-04-13-plate-9.HTD
Primary_010	/uod/idr/filesets/idr0005-toret-adhesion/20150520-original-jcb/v2/010/2011-04-19/427/2011-04-19-plate-10.HTD
Primary_011	/uod/idr/filesets/idr0005-toret-adhesion/20150520-original-jcb/v2/011/2011-04-14/388/2011-04-13-plate-11.HTD
Primary_012	/uod/idr/filesets/idr0005-toret-adhesion/20150520-original-jcb/v2/012/2011-04-19/428/2011-04-19-plate-12.HTD
Primary_013	/uod/idr/filesets/idr0005-toret-adhesion/20150520-original-jcb/v2/013/2011-04-13/384/2011-04-13-plate-13.HTD
Primary_014	/uod/idr/filesets/idr0005-toret-adhesion/20150520-original-jcb/v2/014/2011-04-19/413/2011-04-19-plate-14.HTD
Primary_015	/uod/idr/filesets/idr0005-toret-adhesion/20150520-original-jcb/v2/015/2011-04-19/414/2011-04-19-plate-15.HTD
Primary_016	/uod/idr/filesets/idr0005-toret-adhesion/20150520-original-jcb/v2/016/2011-04-13/385/2011-04-13-plate-16.HTD
Primary_017	/uod/idr/filesets/idr0005-toret-adhesion/20150520-original-jcb/v2/017/2011-04-18/392/2011-04-18-plate-17.HTD
Primary_018	/uod/idr/filesets/idr0005-toret-adhesion/20150520-original-jcb/v2/018/2011-04-19/415/2011-04-19-plate-18.HTD
Primary_019	/uod/idr/filesets/idr0005-toret-adhesion/20150520-original-jcb/v2/019/2011-04-19/418/2011-04-19-plate-19.HTD
Primary_020	/uod/idr/filesets/idr0005-toret-adhesion/20150520-original-jcb/v2/020/2011-04-13/379/2011-04-13-plate-20.HTD
Primary_021	/uod/idr/filesets/idr0005-toret-adhesion/20150520-original-jcb/v2/021/2011-04-13/378/2011-04-13-plate-21.HTD
Primary_022	/uod/idr/filesets/idr0005-toret-adhesion/20150520-original-jcb/v2/022/2011-04-19/419/2011-04-19-plate-22.HTD
Primary_023	/uod/idr/filesets/idr0005-toret-adhesion/20150520-original-jcb/v2/023/2011-04-13/377/2011-04-13-plate-23.HTD
Primary_024	/uod/idr/filesets/idr0005-toret-adhesion/20150520-original-jcb/v2/024/2011-04-19/420/2011-04-19-plate-24.HTD
Primary_025	/uod/idr/filesets/idr0005-toret-adhesion/20150520-original-jcb/v2/025/2011-04-13/381/2011-04-13-plate-25.HTD
Primary_026	/uod/idr/filesets/idr0005-toret-adhesion/20150520-original-jcb/v2/026/2011-04-19/421/2011-04-19-plate-26.HTD
Primary_027	/uod/idr/filesets/idr0005-toret-adhesion/20150520-original-jcb/v2/027/2011-04-18/404/2011-04-18-plate-27.HTD
Primary_028	/uod/idr/filesets/idr0005-toret-adhesion/20150520-original-jcb/v2/028/2011-04-13/380/2011-04-13-plate-28.HTD
Primary_029	/uod/idr/filesets/idr0005-toret-adhesion/20150520-original-jcb/v2/029/2011-04-13/382/2011-04-13-plate-29.HTD
Primary_030	/uod/idr/filesets/idr0005-toret-adhesion/20150520-original-jcb/v2/030/2011-04-13/383/2011-04-13-plate-30.HTD
Primary_031	/uod/idr/filesets/idr0005-toret-adhesion/20150520-original-jcb/v2/031/2011-04-19/417/2011-04-19-plate-31.HTD
Primary_032	/uod/idr/filesets/idr0005-toret-adhesion/20150520-original-jcb/v2/032/2011-04-18/399/2011-04-18-plate-32-f.HTD
Primary_033	/uod/idr/filesets/idr0005-toret-adhesion/20150520-original-jcb/v2/033/2011-04-14/390/2011-04-13-plate-33.HTD
Primary_034	/uod/idr/filesets/idr0005-toret-adhesion/20150520-original-jcb/v2/034/2011-04-19/424/2011-04-19-plate-34.HTD
Primary_035	/uod/idr/filesets/idr0005-toret-adhesion/20150520-original-jcb/v2/035/2011-04-18/401/2011-04-18-plate-35.HTD
Primary_036	/uod/idr/filesets/idr0005-toret-adhesion/20150520-original-jcb/v2/036/2011-04-19/425/2011-04-19-plate-36.HTD
Primary_037	/uod/idr/filesets/idr0005-toret-adhesion/20150520-original-jcb/v2/037/2011-04-14/391/2011-04-13-plate-37.HTD
Primary_038	/uod/idr/filesets/idr0005-toret-adhesion/20150520-original-jcb/v2/038/2011-04-20/437/2011-04-19-plate-38.HTD
Primary_039	/uod/idr/filesets/idr0005-toret-adhesion/20150520-original-jcb/v2/039/2011-04-13/376/2011-04-13-plate-39.HTD
Primary_040	/uod/idr/filesets/idr0005-toret-adhesion/20150520-original-jcb/v2/040/2011-04-20/438/2011-04-19-plate-40.HTD
Primary_041	/uod/idr/filesets/idr0005-toret-adhesion/20150520-original-jcb/v2/041/2011-04-18/393/2011-04-18-plate-41.HTD
Primary_042	/uod/idr/filesets/idr0005-toret-adhesion/20150520-original-jcb/v2/042/2011-04-18/411/2011-04-18-plate-42.HTD
Primary_043	/uod/idr/filesets/idr0005-toret-adhesion/20150520-original-jcb/v2/043/2011-04-18/412/2011-04-18-plate-43.HTD
Primary_044	/uod/idr/filesets/idr0005-toret-adhesion/20150520-original-jcb/v2/044/2011-04-20/436/2011-04-19-plate-44.HTD
Primary_045	/uod/idr/filesets/idr0005-toret-adhesion/20150520-original-jcb/v2/045/2011-04-20/442/2011-04-19-plate-45.HTD
Primary_046	/uod/idr/filesets/idr0005-toret-adhesion/20150520-original-jcb/v2/046/2011-04-20/443/2011-04-19-plate-46.HTD
Primary_047	/uod/idr/filesets/idr0005-toret-adhesion/20150520-original-jcb/v2/047/2011-04-20/449/2011-04-20-plate-47.HTD
Primary_048	/uod/idr/filesets/idr0005-toret-adhesion/20150520-original-jcb/v2/048/2011-04-21/451/2011-04-20-plate-48.HTD
Primary_049	/uod/idr/filesets/idr0005-toret-adhesion/20150520-original-jcb/v2/049/2011-04-21/452/2011-04-20-plate-49.HTD
Primary_050	/uod/idr/filesets/idr0005-toret-adhesion/20150520-original-jcb/v2/050/2011-04-18/409/2011-04-18-plate-50.HTD
Primary_052	/uod/idr/filesets/idr0005-toret-adhesion/20150520-original-jcb/v2/052/2011-04-20/444/2011-04-19-plate-52.HTD
Primary_053	/uod/idr/filesets/idr0005-toret-adhesion/20150520-original-jcb/v2/053/2011-04-18/400/2011-04-18-plate-53.HTD
Primary_054	/uod/idr/filesets/idr0005-toret-adhesion/20150520-original-jcb/v2/054/2011-04-20/445/2011-04-20-plate-54.HTD
Primary_055	/uod/idr/filesets/idr0005-toret-adhesion/20150520-original-jcb/v2/055/2011-04-18/408/2011-04-18-plate-55.HTD
Primary_056	/uod/idr/filesets/idr0005-toret-adhesion/20150520-original-jcb/v2/056/2011-04-20/446/2011-04-20-plate-56.HTD
Primary_057	/uod/idr/filesets/idr0005-toret-adhesion/20150520-original-jcb/v2/057/2011-04-20/447/2011-04-20-plate-57.HTD
Primary_058	/uod/idr/filesets/idr0005-toret-adhesion/20150520-original-jcb/v2/058/2011-04-18/396/2011-04-18-plate-58.HTD
Primary_059	/uod/idr/filesets/idr0005-toret-adhesion/20150520-original-jcb/v2/059/2011-04-20/432/2011-04-19-plate-59.HTD
Primary_060	/uod/idr/filesets/idr0005-toret-adhesion/20150520-original-jcb/v2/060/2011-04-18/406/2011-04-18-plate-60.HTD
Primary_061	/uod/idr/filesets/idr0005-toret-adhesion/20150520-original-jcb/v2/061/2011-04-18/403/2011-04-18-plate-61.HTD
Primary_062	/uod/idr/filesets/idr0005-toret-adhesion/20150520-original-jcb/v2/062/2011-04-20/433/2011-04-19-plate-62.HTD
Primary_063	/uod/idr/filesets/idr0005-toret-adhesion/20150520-original-jcb/v2/063/2011-04-20/434/2011-04-19-plate-63.HTD
Primary_064	/uod/idr/filesets/idr0005-toret-adhesion/20150520-original-jcb/v2/064/2011-04-20/435/2011-04-19-plate-64.HTD
Primary_065	/uod/idr/filesets/idr0005-toret-adhesion/20150520-original-jcb/v2/065/2011-04-20/448/2011-04-20-plate-65.HTD
Primary_066	/uod/idr/filesets/idr0005-toret-adhesion/20150520-original-jcb/v2/066/2011-04-20/440/2011-04-19-plate-66.HTD
Primary_067	/uod/idr/filesets/idr0005-toret-adhesion/20150520-original-jcb/v2/067/2011-04-18/395/2011-04-18-plate-67.HTD
Primary_068	/uod/idr/filesets/idr0005-toret-adhesion/20150520-original-jcb/v2/068/2011-04-20/441/2011-04-19-plate-68.HTD
Primary_069	/uod/idr/filesets/idr0005-toret-adhesion/20150520-original-jcb/v2/069/2011-04-18/394/2011-04-18-plate-69.HTD
Primary_070	/uod/idr/filesets/idr0005-toret-adhesion/20150520-original-jcb/v2/070/2011-04-26/473/2011-04-25-plate-70.HTD
Primary_071	/uod/idr/filesets/idr0005-toret-adhesion/20150520-original-jcb/v2/071/2011-04-26/475/2011-04-25-plate-71.HTD
Primary_072	/uod/idr/filesets/idr0005-toret-adhesion/20150520-original-jcb/v2/072/2011-04-26/474/2011-04-25-plate-72.HTD
Primary_073	/uod/idr/filesets/idr0005-toret-adhesion/20150520-original-jcb/v2/073/2011-04-25/463/2011-04-25-plate-73.HTD
Primary_074	/uod/idr/filesets/idr0005-toret-adhesion/20150520-original-jcb/v2/074/2011-04-25/466/2011-04-25-plate-74.HTD
Primary_075	/uod/idr/filesets/idr0005-toret-adhesion/20150520-original-jcb/v2/075/2011-04-25/467/2011-04-25-plate-75.HTD
Primary_076	/uod/idr/filesets/idr0005-toret-adhesion/20150520-original-jcb/v2/076/2011-04-27/499/2011-04-27-plate-76.HTD
Primary_077	/uod/idr/filesets/idr0005-toret-adhesion/20150520-original-jcb/v2/077/2011-04-27/498/2011-04-27-plate-77.HTD
Primary_078	/uod/idr/filesets/idr0005-toret-adhesion/20150520-original-jcb/v2/078/2011-04-27/497/2011-04-27-plate-78.HTD
Primary_079	/uod/idr/filesets/idr0005-toret-adhesion/20150520-original-jcb/v2/079/2011-04-27/496/2011-04-27-plate-79.HTD
Primary_081	/uod/idr/filesets/idr0005-toret-adhesion/20150520-original-jcb/v2/081/2011-04-28/522/2011-04-27-plate-81.HTD
Primary_082	/uod/idr/filesets/idr0005-toret-adhesion/20150520-original-jcb/v2/082/2011-04-28/521/2011-04-27-plate-82.HTD
Primary_083	/uod/idr/filesets/idr0005-toret-adhesion/20150520-original-jcb/v2/083/2011-04-28/524/2011-04-27-plate-83.HTD
Primary_084	/uod/idr/filesets/idr0005-toret-adhesion/20150520-original-jcb/v2/084/2011-04-28/523/2011-04-27-plate-84.HTD
Primary_085	/uod/idr/filesets/idr0005-toret-adhesion/20150520-original-jcb/v2/085/2011-04-27/517/2011-04-27-plate-85.HTD
Primary_086	/uod/idr/filesets/idr0005-toret-adhesion/20150520-original-jcb/v2/086/2011-04-27/520/2011-04-27-plate-86.HTD
Primary_088	/uod/idr/filesets/idr0005-toret-adhesion/20150520-original-jcb/v2/088/2011-04-27/518/2011-04-27-plate-88.HTD
Primary_089	/uod/idr/filesets/idr0005-toret-adhesion/20150520-original-jcb/v2/089/2011-04-27/509/2011-04-27-plate-89.HTD
Primary_090	/uod/idr/filesets/idr0005-toret-adhesion/20150520-original-jcb/v2/090/2011-04-27/512/2011-04-27-plate-90.HTD
Primary_091	/uod/idr/filesets/idr0005-toret-adhesion/20150520-original-jcb/v2/091/2011-04-26/477/2011-04-26-plate-91.HTD
Primary_092	/uod/idr/filesets/idr0005-toret-adhesion/20150520-original-jcb/v2/092/2011-04-27/510/2011-04-27-plate-92.HTD
Primary_093	/uod/idr/filesets/idr0005-toret-adhesion/20150520-original-jcb/v2/093/2011-04-27/511/2011-04-27-plate-93.HTD
Primary_094	/uod/idr/filesets/idr0005-toret-adhesion/20150520-original-jcb/v2/094/2011-04-27/516/2011-04-27-plate-94.HTD
Primary_095	/uod/idr/filesets/idr0005-toret-adhesion/20150520-original-jcb/v2/095/2011-04-27/515/2011-04-27-plate-95.HTD
Primary_096	/uod/idr/filesets/idr0005-toret-adhesion/20150520-original-jcb/v2/096/2011-04-27/514/2011-04-27-plate-96.HTD
Primary_097	/uod/idr/filesets/idr0005-toret-adhesion/20150520-original-jcb/v2/097/2011-04-27/513/2011-04-27-plate-97.HTD
Primary_098	/uod/idr/filesets/idr0005-toret-adhesion/20150520-original-jcb/v2/098/2011-04-27/504/2011-04-27-plate-98.HTD
Primary_099	/uod/idr/filesets/idr0005-toret-adhesion/20150520-original-jcb/v2/099/2011-04-27/503/2011-04-27-plate-99.HTD
Primary_100	/uod/idr/filesets/idr0005-toret-adhesion/20150520-original-jcb/v2/100/2011-04-27/501/2011-04-27-plate-100.HTD
Primary_101	/uod/idr/filesets/idr0005-toret-adhesion/20150520-original-jcb/v2/101/2011-04-26/495/2011-04-26-plate-101.HTD
Primary_102	/uod/idr/filesets/idr0005-toret-adhesion/20150520-original-jcb/v2/102/2011-04-26/476/2011-04-26-plate-102.HTD
Primary_103	/uod/idr/filesets/idr0005-toret-adhesion/20150520-original-jcb/v2/103/2011-04-27/500/2011-04-27-plate-103.HTD
Primary_104	/uod/idr/filesets/idr0005-toret-adhesion/20150520-original-jcb/v2/104/2011-04-27/506/2011-04-27-plate-104.HTD
Primary_105	/uod/idr/filesets/idr0005-toret-adhesion/20150520-original-jcb/v2/105/2011-04-27/505/2011-04-27-plate-105.HTD
Primary_106	/uod/idr/filesets/idr0005-toret-adhesion/20150520-original-jcb/v2/106/2011-04-27/508/2011-04-27-plate-106.HTD
Primary_107	/uod/idr/filesets/idr0005-toret-adhesion/20150520-original-jcb/v2/107/2011-04-27/507/2011-04-27-plate-107.HTD
Primary_109	/uod/idr/filesets/idr0005-toret-adhesion/20150520-original-jcb/v2/109/2011-04-28/529/2011-04-27-plate-109.HTD
Primary_110	/uod/idr/filesets/idr0005-toret-adhesion/20150520-original-jcb/v2/110/2011-04-25/462/2011-04-25-plate-110.HTD
Primary_111	/uod/idr/filesets/idr0005-toret-adhesion/20150520-original-jcb/v2/111/2011-04-28/525/2011-04-27-plate-111.HTD
Primary_112	/uod/idr/filesets/idr0005-toret-adhesion/20150520-original-jcb/v2/112/2011-04-28/528/2011-04-27-plate-112.HTD
Primary_113	/uod/idr/filesets/idr0005-toret-adhesion/20150520-original-jcb/v2/113/2011-04-26/485/2011-04-26-plate-113.HTD
Primary_114	/uod/idr/filesets/idr0005-toret-adhesion/20150520-original-jcb/v2/114/2011-04-26/486/2011-04-26-plate-114.HTD
Primary_115	/uod/idr/filesets/idr0005-toret-adhesion/20150520-original-jcb/v2/115/2011-04-26/481/2011-04-26-plate-115.HTD
Primary_116	/uod/idr/filesets/idr0005-toret-adhesion/20150520-original-jcb/v2/116/2011-04-26/494/2011-04-26-plate-116.HTD
Primary_117	/uod/idr/filesets/idr0005-toret-adhesion/20150520-original-jcb/v2/117/2011-04-26/487/2011-04-26-plate-117.HTD
Primary_118	/uod/idr/filesets/idr0005-toret-adhesion/20150520-original-jcb/v2/118/2011-04-26/479/2011-04-26-plate-118.HTD
Primary_119	/uod/idr/filesets/idr0005-toret-adhesion/20150520-original-jcb/v2/119/2011-04-27/519/2011-04-27-plate-119.HTD
Primary_120	/uod/idr/filesets/idr0005-toret-adhesion/20150520-original-jcb/v2/120/2011-04-25/461/2011-04-25-plate-120.HTD
Primary_121	/uod/idr/filesets/idr0005-toret-adhesion/20150520-original-jcb/v2/121/2011-04-26/493/2011-04-26-plate-121.HTD
Primary_122	/uod/idr/filesets/idr0005-toret-adhesion/20150520-original-jcb/v2/122/2011-04-26/478/2011-04-26-plate-122.HTD
Primary_123	/uod/idr/filesets/idr0005-toret-adhesion/20150520-original-jcb/v2/123/2011-04-25/464/2011-04-25-plate-123.HTD
Primary_124	/uod/idr/filesets/idr0005-toret-adhesion/20150520-original-jcb/v2/124/2011-04-26/484/2011-04-26-plate-124.HTD
Primary_125	/uod/idr/filesets/idr0005-toret-adhesion/20150520-original-jcb/v2/125/2011-04-28/527/2011-04-27-plate-125.HTD
Primary_126	/uod/idr/filesets/idr0005-toret-adhesion/20150520-original-jcb/v2/126/2011-04-26/492/2011-04-26-plate-126.HTD
Primary_127	/uod/idr/filesets/idr0005-toret-adhesion/20150520-original-jcb/v2/127/2011-04-25/465/2011-04-25-plate-127.HTD
Primary_128	/uod/idr/filesets/idr0005-toret-adhesion/20150520-original-jcb/v2/128/2011-04-25/460/2011-04-25-plate-128.HTD
Primary_129	/uod/idr/filesets/idr0005-toret-adhesion/20150520-original-jcb/v2/129/2011-04-28/530/2011-04-27-plate-129.HTD
Primary_130	/uod/idr/filesets/idr0005-toret-adhesion/20150520-original-jcb/v2/130/2011-04-26/482/2011-04-26-plate-130.HTD
Primary_131	/uod/idr/filesets/idr0005-toret-adhesion/20150520-original-jcb/v2/131/2011-04-25/459/2011-04-25-plate-131.HTD
Primary_132	/uod/idr/filesets/idr0005-toret-adhesion/20150520-original-jcb/v2/132/2011-04-26/483/2011-04-26-plate-132.HTD
Primary_134	/uod/idr/filesets/idr0005-toret-adhesion/20150520-original-jcb/v2/134/2011-04-25/458/2011-04-25-plate-134.HTD
Primary_135	/uod/idr/filesets/idr0005-toret-adhesion/20150520-original-jcb/v2/135/2011-04-25/472/2011-04-25-plate-135.HTD
Primary_136	/uod/idr/filesets/idr0005-toret-adhesion/20150520-original-jcb/v2/136/2011-04-25/471/2011-04-25-plate-136.HTD
Primary_137	/uod/idr/filesets/idr0005-toret-adhesion/20150520-original-jcb/v2/137/2011-04-25/470/2011-04-25-plate-137.HTD
Primary_138	/uod/idr/filesets/idr0005-toret-adhesion/20150520-original-jcb/v2/138/2011-04-25/469/2011-04-25-plate-138.HTD
Primary_139	/uod/idr/filesets/idr0005-toret-adhesion/20150520-original-jcb/v2/139/2011-04-26/488/2011-04-26-plate-139.HTD
Primary_140	/uod/idr/filesets/idr0005-toret-adhesion/20150520-original-jcb/v2/140/2011-04-25/456/2011-04-25-plate-140.HTD
Primary_141	/uod/idr/filesets/idr0005-toret-adhesion/20150520-original-jcb/v2/141/2011-04-25/455/2011-04-25-plate-141.HTD
Primary_142	/uod/idr/filesets/idr0005-toret-adhesion/20150520-original-jcb/v2/142/2011-04-25/454/2011-04-25-plate-142.HTD
Primary_143	/uod/idr/filesets/idr0005-toret-adhesion/20150520-original-jcb/v2/143/2011-04-25/453/2011-04-25-plate-143.HTD
Primary_144	/uod/idr/filesets/idr0005-toret-adhesion/20150520-original-jcb/v2/144/2011-04-26/489/2011-04-26-plate-144.HTD
Primary_145	/uod/idr/filesets/idr0005-toret-adhesion/20150520-original-jcb/v2/145/2011-04-26/490/2011-04-26-plate-145.HTD
Primary_146	/uod/idr/filesets/idr0005-toret-adhesion/20150520-original-jcb/v2/146/2011-04-26/491/2011-04-26-plate-146.HTD
